latency,packet_loss,congestion,active_users,traffic_type,decision
137,0.69,7,17,NORMAL,LOW
58,0.94,9,480,NORMAL,HIGH
46,2.45,3,11,RURAL,MEDIUM
132,3.1,6,116,EMERGENCY,HIGH
56,0.03,5,37,RURAL,MEDIUM
139,4.54,3,248,NORMAL,LOW
42,1.11,7,457,EMERGENCY,HIGH
85,2.04,7,53,NORMAL,LOW
84,4.89,1,193,NORMAL,LOW
38,3.77,8,137,NORMAL,HIGH
71,0.37,8,298,EMERGENCY,HIGH
139,1.98,5,270,NORMAL,LOW
150,0.73,8,252,EMERGENCY,HIGH
61,2.53,4,41,NORMAL,LOW
26,0.03,8,469,EMERGENCY,HIGH
34,3.93,3,69,NORMAL,LOW
31,0.22,10,390,EMERGENCY,HIGH
98,4.4,2,287,RURAL,MEDIUM
109,4.18,9,412,RURAL,HIGH
26,1.6,2,392,NORMAL,LOW
120,4.94,5,303,NORMAL,LOW
31,1.45,5,183,NORMAL,LOW
67,1.79,8,32,RURAL,HIGH
82,1.74,1,453,NORMAL,LOW
72,1.87,8,319,EMERGENCY,HIGH
137,2.22,5,309,EMERGENCY,HIGH
78,1.77,8,269,NORMAL,HIGH
43,0.14,5,42,EMERGENCY,HIGH
114,2.02,7,246,NORMAL,LOW
60,0.84,7,51,EMERGENCY,HIGH
37,3.63,5,385,EMERGENCY,HIGH
115,4.35,9,140,EMERGENCY,HIGH
46,4.47,7,187,EMERGENCY,HIGH
64,0.85,6,498,EMERGENCY,HIGH
147,2.54,9,68,NORMAL,HIGH
108,1.44,4,29,NORMAL,LOW
20,4.94,9,428,NORMAL,HIGH
37,4.59,4,453,RURAL,MEDIUM
123,1.26,3,372,NORMAL,LOW
59,1.83,5,203,EMERGENCY,HIGH
122,0.73,6,62,EMERGENCY,HIGH
41,1.28,5,173,EMERGENCY,HIGH
73,2.62,9,160,EMERGENCY,HIGH
74,2.68,7,190,NORMAL,LOW
52,0.22,8,284,RURAL,HIGH
143,0.57,9,136,NORMAL,HIGH
36,3.16,8,459,EMERGENCY,HIGH
79,4.45,9,401,EMERGENCY,HIGH
128,3.37,5,425,RURAL,MEDIUM
111,3.61,5,49,EMERGENCY,HIGH
149,4.81,10,283,EMERGENCY,HIGH
63,2.64,6,394,NORMAL,LOW
113,4.42,4,267,RURAL,MEDIUM
43,2.86,2,314,RURAL,MEDIUM
92,3.88,5,174,EMERGENCY,HIGH
140,0.2,10,472,NORMAL,HIGH
146,4.24,10,272,NORMAL,HIGH
74,2.53,9,24,NORMAL,HIGH
129,0.82,9,195,RURAL,HIGH
118,3.93,2,175,RURAL,MEDIUM
100,2.7,6,17,EMERGENCY,HIGH
81,1.8,9,168,EMERGENCY,HIGH
142,4.03,2,13,EMERGENCY,HIGH
144,3.29,10,264,EMERGENCY,HIGH
46,1.27,8,288,NORMAL,HIGH
120,3.15,8,26,RURAL,HIGH
127,2.21,10,347,EMERGENCY,HIGH
112,4.89,4,212,RURAL,MEDIUM
119,1.8,8,194,RURAL,HIGH
148,2.54,1,439,RURAL,MEDIUM
141,0.8,8,186,RURAL,HIGH
143,3.3,5,272,EMERGENCY,HIGH
111,2.17,3,403,EMERGENCY,HIGH
103,3.73,6,26,EMERGENCY,HIGH
27,4.05,3,228,EMERGENCY,HIGH
36,4.88,5,264,NORMAL,LOW
80,4.62,10,363,EMERGENCY,HIGH
62,4.36,5,217,NORMAL,LOW
132,4.53,8,181,RURAL,HIGH
23,4.57,7,88,EMERGENCY,HIGH
133,3.3,8,336,NORMAL,HIGH
136,3.1,6,215,EMERGENCY,HIGH
20,1.62,1,92,RURAL,MEDIUM
104,1.26,1,91,NORMAL,LOW
36,3.06,8,142,RURAL,HIGH
73,3.23,5,396,EMERGENCY,HIGH
134,1.46,2,368,EMERGENCY,HIGH
75,4.46,3,65,EMERGENCY,HIGH
116,0.47,1,251,EMERGENCY,HIGH
144,0.66,1,240,RURAL,MEDIUM
123,1.08,1,270,NORMAL,LOW
56,2.04,8,142,NORMAL,HIGH
60,3.56,3,477,EMERGENCY,HIGH
69,3.21,2,193,RURAL,MEDIUM
61,0.89,3,264,NORMAL,LOW
92,4.24,8,394,EMERGENCY,HIGH
23,3.6,4,234,NORMAL,LOW
42,1.62,3,409,RURAL,MEDIUM
70,2.32,1,36,NORMAL,LOW
45,2.03,6,56,EMERGENCY,HIGH
86,4.52,4,120,EMERGENCY,HIGH
128,1.67,8,122,NORMAL,HIGH
35,1.14,7,458,NORMAL,LOW
119,1.45,4,485,EMERGENCY,HIGH
107,1.89,1,229,NORMAL,LOW
103,1.52,8,186,NORMAL,HIGH
71,1.72,3,383,EMERGENCY,HIGH
69,1.24,10,403,NORMAL,HIGH
80,0.86,1,319,EMERGENCY,HIGH
125,1.3,2,457,RURAL,MEDIUM
116,1.08,10,447,NORMAL,HIGH
39,0.07,9,65,RURAL,HIGH
141,3.78,9,403,NORMAL,HIGH
144,0.43,4,145,NORMAL,LOW
149,3.12,10,120,EMERGENCY,HIGH
88,4.05,6,316,RURAL,MEDIUM
129,4.63,1,103,NORMAL,LOW
113,4.35,5,388,EMERGENCY,HIGH
84,4.62,5,355,EMERGENCY,HIGH
104,3.61,8,420,RURAL,HIGH
108,0.46,7,217,RURAL,MEDIUM
144,2.11,8,190,EMERGENCY,HIGH
54,1.69,10,337,EMERGENCY,HIGH
69,0.78,1,195,NORMAL,LOW
26,1.45,10,251,NORMAL,HIGH
92,4.53,5,234,EMERGENCY,HIGH
146,1.49,7,125,RURAL,MEDIUM
109,3.91,2,237,EMERGENCY,HIGH
112,2.63,3,120,RURAL,MEDIUM
44,1.67,1,495,NORMAL,LOW
135,0.5,9,154,EMERGENCY,HIGH
50,3.25,7,459,EMERGENCY,HIGH
82,3.53,3,63,RURAL,MEDIUM
45,3.21,3,67,EMERGENCY,HIGH
79,0.27,6,353,RURAL,MEDIUM
57,4.3,7,183,RURAL,MEDIUM
34,3.63,9,465,NORMAL,HIGH
62,2.45,10,276,RURAL,HIGH
68,3.72,6,319,NORMAL,LOW
61,0.01,4,66,RURAL,MEDIUM
105,4.93,8,322,RURAL,HIGH
42,0.24,10,149,EMERGENCY,HIGH
58,2.6,10,89,RURAL,HIGH
130,3.07,4,146,EMERGENCY,HIGH
139,4.97,7,380,NORMAL,LOW
144,4.61,8,70,NORMAL,HIGH
116,4.32,2,400,RURAL,MEDIUM
109,2.81,2,163,RURAL,MEDIUM
84,4.16,7,69,EMERGENCY,HIGH
131,1.98,10,121,EMERGENCY,HIGH
29,1.29,3,49,RURAL,MEDIUM
122,3.46,4,28,NORMAL,LOW
142,0.19,6,275,NORMAL,LOW
79,1.91,5,485,EMERGENCY,HIGH
132,3.27,7,397,RURAL,MEDIUM
27,2.84,6,58,RURAL,MEDIUM
33,3.23,6,211,NORMAL,LOW
140,3.46,5,150,EMERGENCY,HIGH
139,1.97,7,34,EMERGENCY,HIGH
32,3.02,8,106,EMERGENCY,HIGH
41,4.8,10,450,NORMAL,HIGH
62,1.79,8,95,NORMAL,HIGH
55,4.97,10,487,RURAL,HIGH
31,2.93,4,150,RURAL,MEDIUM
97,4.25,10,456,EMERGENCY,HIGH
65,3.1,1,113,RURAL,MEDIUM
108,0.78,7,237,EMERGENCY,HIGH
88,1.61,6,485,EMERGENCY,HIGH
61,0.56,7,353,EMERGENCY,HIGH
70,3.61,4,118,RURAL,MEDIUM
38,4.32,2,376,EMERGENCY,HIGH
35,1.92,10,477,RURAL,HIGH
142,2.39,3,439,NORMAL,LOW
115,1.33,7,285,NORMAL,LOW
83,4.96,5,195,NORMAL,LOW
56,1.66,5,55,EMERGENCY,HIGH
84,4.33,10,150,EMERGENCY,HIGH
138,2.01,2,85,RURAL,MEDIUM
68,1.83,4,13,EMERGENCY,HIGH
96,3.49,10,254,NORMAL,HIGH
56,2.69,10,372,RURAL,HIGH
41,1.81,5,137,RURAL,MEDIUM
72,3.21,10,260,RURAL,HIGH
142,2.92,6,379,EMERGENCY,HIGH
144,3.03,9,484,RURAL,HIGH
118,0.29,10,82,RURAL,HIGH
100,2.41,5,339,NORMAL,LOW
120,2.37,2,419,RURAL,MEDIUM
75,4.13,8,232,EMERGENCY,HIGH
76,3.91,6,395,RURAL,MEDIUM
68,4.42,5,262,EMERGENCY,HIGH
115,1.57,1,150,RURAL,MEDIUM
58,3.48,9,31,NORMAL,HIGH
48,0.03,5,225,EMERGENCY,HIGH
30,3.22,2,417,NORMAL,LOW
79,4.98,7,465,NORMAL,LOW
42,3.25,9,64,RURAL,HIGH
102,2.75,6,88,EMERGENCY,HIGH
36,0.73,2,10,NORMAL,LOW
147,0.73,8,125,NORMAL,HIGH
112,4.32,3,46,EMERGENCY,HIGH
100,3.71,7,306,NORMAL,LOW
101,4.53,8,382,EMERGENCY,HIGH
51,2.69,5,67,RURAL,MEDIUM
46,3.66,5,452,EMERGENCY,HIGH
51,1.47,3,18,EMERGENCY,HIGH
121,3.25,5,465,EMERGENCY,HIGH
69,2.36,7,405,NORMAL,LOW
71,0.18,8,351,RURAL,HIGH
146,2.01,8,35,EMERGENCY,HIGH
94,3.02,10,442,RURAL,HIGH
138,4.3,10,387,NORMAL,HIGH
145,1.15,6,470,EMERGENCY,HIGH
45,3.8,4,159,NORMAL,LOW
112,1.87,8,324,EMERGENCY,HIGH
112,3.08,6,450,EMERGENCY,HIGH
68,0.19,7,52,RURAL,MEDIUM
108,0.65,7,111,RURAL,MEDIUM
138,1.29,2,393,RURAL,MEDIUM
113,1.26,3,476,NORMAL,LOW
150,4.24,1,276,EMERGENCY,HIGH
145,0.23,7,49,EMERGENCY,HIGH
89,2.48,8,41,RURAL,HIGH
28,3.75,8,479,EMERGENCY,HIGH
130,3.52,8,348,NORMAL,HIGH
85,4.2,6,134,RURAL,MEDIUM
139,1.49,5,332,NORMAL,LOW
52,0.37,10,379,NORMAL,HIGH
132,2.57,9,399,NORMAL,HIGH
95,0.88,6,401,RURAL,MEDIUM
68,1.25,5,424,EMERGENCY,HIGH
49,0.08,7,97,RURAL,MEDIUM
32,4.65,10,175,EMERGENCY,HIGH
136,2.74,10,139,NORMAL,HIGH
120,0.88,10,94,RURAL,HIGH
133,0.86,4,12,RURAL,MEDIUM
68,3.39,10,322,RURAL,HIGH
51,3.55,10,458,NORMAL,HIGH
149,4.92,7,218,NORMAL,LOW
148,4.7,7,470,NORMAL,LOW
150,1.14,10,17,RURAL,HIGH
93,1.22,8,101,EMERGENCY,HIGH
90,4.0,4,79,EMERGENCY,HIGH
81,3.68,3,377,EMERGENCY,HIGH
63,3.24,9,430,EMERGENCY,HIGH
101,2.83,1,127,RURAL,MEDIUM
89,1.18,3,112,NORMAL,LOW
136,0.23,4,475,RURAL,MEDIUM
22,4.51,2,360,RURAL,MEDIUM
61,1.77,3,324,RURAL,MEDIUM
75,4.74,10,437,RURAL,HIGH
33,0.72,5,293,NORMAL,LOW
94,2.86,8,129,NORMAL,HIGH
116,0.54,3,22,EMERGENCY,HIGH
136,3.03,6,402,EMERGENCY,HIGH
116,1.14,2,96,NORMAL,LOW
135,1.86,1,160,RURAL,MEDIUM
49,2.16,9,308,EMERGENCY,HIGH
74,4.7,3,123,RURAL,MEDIUM
67,0.04,7,389,EMERGENCY,HIGH
141,1.76,7,497,NORMAL,LOW
134,0.14,5,94,RURAL,MEDIUM
29,3.19,9,29,NORMAL,HIGH
130,3.04,10,329,EMERGENCY,HIGH
50,1.12,1,341,EMERGENCY,HIGH
58,4.62,7,389,RURAL,MEDIUM
29,3.11,2,46,EMERGENCY,HIGH
42,1.18,7,246,EMERGENCY,HIGH
133,0.17,5,132,NORMAL,LOW
83,0.58,1,19,RURAL,MEDIUM
78,2.09,2,229,RURAL,MEDIUM
72,2.88,10,497,EMERGENCY,HIGH
48,4.89,1,243,RURAL,MEDIUM
30,3.55,7,430,RURAL,MEDIUM
137,4.61,6,358,EMERGENCY,HIGH
100,2.59,5,176,EMERGENCY,HIGH
133,0.03,7,245,NORMAL,LOW
117,0.48,3,433,NORMAL,LOW
37,1.91,4,469,RURAL,MEDIUM
120,4.17,3,364,RURAL,MEDIUM
125,3.42,3,365,NORMAL,LOW
96,3.69,2,322,EMERGENCY,HIGH
58,4.11,6,311,EMERGENCY,HIGH
123,4.59,4,73,RURAL,MEDIUM
67,4.56,7,95,RURAL,MEDIUM
145,2.82,5,422,EMERGENCY,HIGH
102,3.65,1,251,RURAL,MEDIUM
43,1.0,3,269,EMERGENCY,HIGH
39,2.77,10,118,RURAL,HIGH
120,0.3,10,216,EMERGENCY,HIGH
143,1.65,3,446,EMERGENCY,HIGH
20,0.97,3,156,NORMAL,LOW
125,2.81,3,252,EMERGENCY,HIGH
108,4.52,10,430,NORMAL,HIGH
125,1.77,6,437,EMERGENCY,HIGH
76,2.94,6,176,NORMAL,LOW
66,3.19,9,39,RURAL,HIGH
131,0.79,5,259,RURAL,MEDIUM
48,1.98,2,245,RURAL,MEDIUM
80,2.02,10,281,EMERGENCY,HIGH
118,2.73,2,380,RURAL,MEDIUM
38,4.15,7,150,NORMAL,LOW
99,3.07,7,449,NORMAL,LOW
138,0.71,6,494,EMERGENCY,HIGH
56,0.27,10,339,NORMAL,HIGH
79,3.98,1,170,RURAL,MEDIUM
48,4.06,5,228,EMERGENCY,HIGH
94,3.24,4,424,NORMAL,LOW
74,4.68,3,386,NORMAL,LOW
30,1.35,2,255,EMERGENCY,HIGH
148,0.88,7,47,NORMAL,LOW
102,1.92,2,83,NORMAL,LOW
37,0.33,9,39,RURAL,HIGH
22,0.16,10,196,NORMAL,HIGH
114,2.28,3,354,RURAL,MEDIUM
64,1.41,6,183,NORMAL,LOW
72,4.42,1,458,RURAL,MEDIUM
144,1.35,3,467,NORMAL,LOW
83,4.06,2,256,EMERGENCY,HIGH
36,0.53,2,318,RURAL,MEDIUM
118,4.93,10,317,EMERGENCY,HIGH
66,1.0,3,63,RURAL,MEDIUM
37,0.7,7,116,RURAL,MEDIUM
106,2.58,6,496,EMERGENCY,HIGH
150,4.08,10,122,EMERGENCY,HIGH
118,1.15,8,445,RURAL,HIGH
109,3.66,2,403,RURAL,MEDIUM
62,1.95,5,492,EMERGENCY,HIGH
78,0.17,1,230,EMERGENCY,HIGH
87,4.39,5,247,RURAL,MEDIUM
72,2.78,8,196,EMERGENCY,HIGH
144,1.93,9,298,EMERGENCY,HIGH
77,3.58,5,70,EMERGENCY,HIGH
77,1.92,2,265,NORMAL,LOW
138,1.24,8,498,RURAL,HIGH
78,2.66,10,129,NORMAL,HIGH
80,0.47,9,369,RURAL,HIGH
88,3.62,7,301,NORMAL,LOW
27,1.7,10,171,NORMAL,HIGH
135,4.39,8,212,EMERGENCY,HIGH
70,2.33,9,36,EMERGENCY,HIGH
67,1.11,1,467,EMERGENCY,HIGH
24,2.21,8,11,EMERGENCY,HIGH
75,1.79,6,481,EMERGENCY,HIGH
40,0.45,4,50,EMERGENCY,HIGH
36,4.52,3,127,EMERGENCY,HIGH
142,3.95,1,358,NORMAL,LOW
147,0.98,6,454,NORMAL,LOW
121,2.14,7,221,EMERGENCY,HIGH
59,0.02,2,71,EMERGENCY,HIGH
101,2.52,4,65,RURAL,MEDIUM
103,0.61,10,491,EMERGENCY,HIGH
131,0.64,10,348,RURAL,HIGH
124,2.05,1,433,RURAL,MEDIUM
135,2.4,5,32,RURAL,MEDIUM
22,0.16,5,75,RURAL,MEDIUM
43,2.85,9,416,RURAL,HIGH
127,1.2,2,280,EMERGENCY,HIGH
138,3.22,8,204,RURAL,HIGH
44,2.3,1,360,EMERGENCY,HIGH
142,0.84,10,425,RURAL,HIGH
38,2.01,4,279,NORMAL,LOW
68,0.38,8,129,RURAL,HIGH
35,3.58,9,59,RURAL,HIGH
43,2.53,8,265,EMERGENCY,HIGH
51,1.35,9,159,EMERGENCY,HIGH
41,0.8,1,166,NORMAL,LOW
119,1.08,10,443,RURAL,HIGH
135,1.54,9,484,EMERGENCY,HIGH
31,4.49,6,483,RURAL,MEDIUM
61,2.84,9,18,EMERGENCY,HIGH
89,3.0,4,58,NORMAL,LOW
119,4.03,5,493,EMERGENCY,HIGH
38,3.35,9,238,NORMAL,HIGH
124,0.59,5,148,EMERGENCY,HIGH
104,3.65,3,354,RURAL,MEDIUM
33,3.8,2,345,RURAL,MEDIUM
85,1.04,4,318,EMERGENCY,HIGH
30,0.69,5,456,EMERGENCY,HIGH
103,3.97,8,400,EMERGENCY,HIGH
96,2.47,7,145,RURAL,MEDIUM
106,3.1,10,148,NORMAL,HIGH
48,0.52,2,238,NORMAL,LOW
109,4.3,5,89,RURAL,MEDIUM
98,0.9,1,162,RURAL,MEDIUM
131,3.44,6,43,NORMAL,LOW
57,1.85,4,457,EMERGENCY,HIGH
23,2.6,4,99,RURAL,MEDIUM
28,4.95,6,425,EMERGENCY,HIGH
136,1.32,1,191,NORMAL,LOW
88,2.47,7,497,EMERGENCY,HIGH
55,3.87,6,448,NORMAL,LOW
146,4.79,6,383,EMERGENCY,HIGH
122,1.19,3,88,NORMAL,LOW
130,3.27,8,102,RURAL,HIGH
36,1.09,5,283,NORMAL,LOW
103,3.54,10,56,EMERGENCY,HIGH
99,1.45,1,197,RURAL,MEDIUM
32,2.71,3,285,EMERGENCY,HIGH
36,1.45,5,22,NORMAL,LOW
110,1.61,1,423,RURAL,MEDIUM
102,4.19,2,243,NORMAL,LOW
97,2.71,7,315,RURAL,MEDIUM
77,0.77,8,197,EMERGENCY,HIGH
61,3.21,3,50,EMERGENCY,HIGH
41,3.65,5,120,EMERGENCY,HIGH
45,4.1,10,82,EMERGENCY,HIGH
68,1.95,5,197,NORMAL,LOW
133,4.93,5,74,RURAL,MEDIUM
55,2.05,4,302,NORMAL,LOW
130,2.1,6,223,RURAL,MEDIUM
52,1.65,7,260,RURAL,MEDIUM
51,3.5,9,378,RURAL,HIGH
80,2.37,3,37,NORMAL,LOW
137,0.37,10,10,NORMAL,HIGH
107,3.14,3,351,RURAL,MEDIUM
137,2.5,6,182,NORMAL,LOW
81,3.62,7,255,NORMAL,LOW
128,1.92,8,143,NORMAL,HIGH
87,1.09,10,289,EMERGENCY,HIGH
91,0.5,10,470,NORMAL,HIGH
132,1.17,1,296,RURAL,MEDIUM
74,3.19,4,256,RURAL,MEDIUM
39,2.68,6,483,EMERGENCY,HIGH
93,3.99,8,149,EMERGENCY,HIGH
113,1.2,7,404,EMERGENCY,HIGH
115,4.92,8,474,EMERGENCY,HIGH
141,1.51,7,74,EMERGENCY,HIGH
130,2.53,1,405,RURAL,MEDIUM
55,0.72,4,499,RURAL,MEDIUM
132,4.15,4,317,NORMAL,LOW
20,3.94,9,473,RURAL,HIGH
65,1.64,6,157,EMERGENCY,HIGH
105,2.54,6,260,RURAL,MEDIUM
81,0.28,7,183,RURAL,MEDIUM
112,1.46,9,492,NORMAL,HIGH
141,2.96,2,132,NORMAL,LOW
114,0.03,6,252,NORMAL,LOW
93,4.84,5,357,NORMAL,LOW
58,4.66,5,125,RURAL,MEDIUM
139,2.47,9,82,NORMAL,HIGH
130,1.5,1,233,RURAL,MEDIUM
85,1.26,10,318,RURAL,HIGH
40,0.12,7,496,RURAL,MEDIUM
54,4.67,9,332,EMERGENCY,HIGH
79,2.9,8,76,EMERGENCY,HIGH
43,2.58,4,411,RURAL,MEDIUM
82,3.05,4,496,RURAL,MEDIUM
123,2.72,8,173,NORMAL,HIGH
147,2.01,8,467,NORMAL,HIGH
106,1.13,6,388,EMERGENCY,HIGH
48,0.26,10,314,EMERGENCY,HIGH
106,0.14,5,66,RURAL,MEDIUM
97,0.03,7,78,RURAL,MEDIUM
119,4.37,8,289,NORMAL,HIGH
36,3.64,9,370,RURAL,HIGH
29,1.35,4,248,RURAL,MEDIUM
63,2.1,2,409,RURAL,MEDIUM
34,0.27,5,326,RURAL,MEDIUM
62,3.5,6,354,RURAL,MEDIUM
79,4.49,3,439,NORMAL,LOW
89,0.45,6,476,RURAL,MEDIUM
104,1.52,1,205,NORMAL,LOW
58,4.91,9,329,EMERGENCY,HIGH
84,4.51,5,500,NORMAL,LOW
36,2.42,6,439,EMERGENCY,HIGH
34,0.99,6,29,EMERGENCY,HIGH
116,2.13,2,485,NORMAL,LOW
33,3.85,5,99,NORMAL,LOW
82,2.59,5,426,RURAL,MEDIUM
38,4.12,7,211,RURAL,MEDIUM
147,3.05,2,437,EMERGENCY,HIGH
41,2.01,8,275,EMERGENCY,HIGH
78,3.95,8,239,RURAL,HIGH
90,2.27,1,325,RURAL,MEDIUM
28,0.77,9,472,NORMAL,HIGH
38,2.97,1,486,NORMAL,LOW
86,3.02,10,459,RURAL,HIGH
66,3.71,4,57,EMERGENCY,HIGH
133,3.51,4,256,EMERGENCY,HIGH
141,4.28,6,474,NORMAL,LOW
91,0.05,1,291,NORMAL,LOW
106,1.56,9,133,RURAL,HIGH
98,2.18,10,484,NORMAL,HIGH
47,4.66,5,101,EMERGENCY,HIGH
131,0.37,2,203,NORMAL,LOW
55,2.9,8,375,RURAL,HIGH
125,1.82,1,105,RURAL,MEDIUM
62,1.26,6,69,NORMAL,LOW
68,1.08,2,252,EMERGENCY,HIGH
74,0.53,7,23,RURAL,MEDIUM
131,2.93,4,49,EMERGENCY,HIGH
45,0.6,1,103,NORMAL,LOW
68,4.74,8,322,RURAL,HIGH
71,0.11,5,70,NORMAL,LOW
59,2.02,5,326,RURAL,MEDIUM
146,3.66,5,290,NORMAL,LOW
139,2.62,6,29,NORMAL,LOW
81,1.71,2,354,NORMAL,LOW
60,4.01,4,162,EMERGENCY,HIGH
41,0.1,2,177,RURAL,MEDIUM
89,2.27,8,347,NORMAL,HIGH
54,1.97,9,354,EMERGENCY,HIGH
109,4.74,6,377,RURAL,MEDIUM
58,2.0,9,396,EMERGENCY,HIGH
53,4.25,8,260,EMERGENCY,HIGH
26,4.91,4,232,RURAL,MEDIUM
82,3.96,2,427,NORMAL,LOW
51,4.55,5,420,RURAL,MEDIUM
117,2.37,2,126,EMERGENCY,HIGH
77,1.13,2,81,NORMAL,LOW
113,2.46,6,16,RURAL,MEDIUM
84,1.29,10,441,EMERGENCY,HIGH
77,0.6,6,71,NORMAL,LOW
76,1.51,6,186,EMERGENCY,HIGH
97,4.1,10,16,EMERGENCY,HIGH
99,2.03,2,102,NORMAL,LOW
103,4.04,9,433,RURAL,HIGH
90,4.87,3,208,RURAL,MEDIUM
99,1.21,2,470,EMERGENCY,HIGH
74,0.48,7,84,NORMAL,LOW
128,2.29,10,231,RURAL,HIGH
92,2.58,8,168,EMERGENCY,HIGH
40,4.13,2,339,NORMAL,LOW
28,4.29,8,476,NORMAL,HIGH
57,2.76,4,85,EMERGENCY,HIGH
62,0.42,4,346,NORMAL,LOW
129,1.99,8,270,RURAL,HIGH
62,1.72,5,119,RURAL,MEDIUM
112,4.91,9,251,RURAL,HIGH
125,2.95,1,444,RURAL,MEDIUM
114,0.99,4,248,RURAL,MEDIUM
121,2.82,6,200,RURAL,MEDIUM
145,4.4,9,80,NORMAL,HIGH
138,1.03,3,205,RURAL,MEDIUM
137,2.08,1,51,RURAL,MEDIUM
50,0.34,3,146,RURAL,MEDIUM
126,1.43,3,114,EMERGENCY,HIGH
96,0.29,9,462,RURAL,HIGH
36,4.09,3,254,NORMAL,LOW
93,1.36,1,120,EMERGENCY,HIGH
131,0.72,7,410,EMERGENCY,HIGH
112,2.58,3,67,EMERGENCY,HIGH
65,4.3,2,152,NORMAL,LOW
125,4.46,9,335,NORMAL,HIGH
72,1.19,2,221,NORMAL,LOW
127,1.58,7,207,RURAL,MEDIUM
50,3.38,10,178,EMERGENCY,HIGH
55,1.17,2,168,RURAL,MEDIUM
34,3.65,3,39,NORMAL,LOW
142,0.36,3,36,NORMAL,LOW
125,2.64,9,421,RURAL,HIGH
25,3.79,10,175,NORMAL,HIGH
91,0.16,3,137,NORMAL,LOW
73,0.07,4,86,RURAL,MEDIUM
50,2.8,2,427,EMERGENCY,HIGH
38,0.2,10,219,EMERGENCY,HIGH
68,1.02,9,260,NORMAL,HIGH
150,3.88,2,78,EMERGENCY,HIGH
24,2.54,9,227,NORMAL,HIGH
47,0.59,6,277,RURAL,MEDIUM
144,3.03,10,197,EMERGENCY,HIGH
34,1.89,8,461,NORMAL,HIGH
52,1.37,1,402,NORMAL,LOW
37,3.43,7,36,RURAL,MEDIUM
98,2.92,6,454,RURAL,MEDIUM
95,2.85,3,421,RURAL,MEDIUM
84,4.07,1,63,NORMAL,LOW
66,1.41,9,150,RURAL,HIGH
112,2.09,7,74,EMERGENCY,HIGH
148,4.95,3,25,RURAL,MEDIUM
139,1.28,2,33,NORMAL,LOW
100,4.49,10,445,EMERGENCY,HIGH
35,4.6,7,311,EMERGENCY,HIGH
150,2.63,10,84,NORMAL,HIGH
104,1.26,9,491,RURAL,HIGH
49,4.79,10,27,RURAL,HIGH
131,2.64,9,391,EMERGENCY,HIGH
74,3.47,2,338,NORMAL,LOW
106,2.68,10,231,RURAL,HIGH
93,2.91,3,250,RURAL,MEDIUM
122,1.04,3,11,EMERGENCY,HIGH
135,2.94,3,51,NORMAL,LOW
93,0.46,2,327,NORMAL,LOW
102,4.37,10,112,RURAL,HIGH
28,3.6,10,170,EMERGENCY,HIGH
146,4.4,1,29,EMERGENCY,HIGH
111,0.82,4,176,NORMAL,LOW
55,1.25,8,359,NORMAL,HIGH
98,4.31,10,118,EMERGENCY,HIGH
49,4.33,4,477,RURAL,MEDIUM
131,0.05,4,205,EMERGENCY,HIGH
128,2.34,8,32,EMERGENCY,HIGH
130,0.01,9,322,EMERGENCY,HIGH
26,4.65,7,331,RURAL,MEDIUM
86,1.09,9,69,EMERGENCY,HIGH
107,2.43,5,252,EMERGENCY,HIGH
130,1.87,3,190,NORMAL,LOW
80,3.49,9,412,RURAL,HIGH
20,2.32,2,356,EMERGENCY,HIGH
137,1.48,3,77,RURAL,MEDIUM
53,2.35,8,125,RURAL,HIGH
44,3.73,6,229,RURAL,MEDIUM
132,4.83,9,143,EMERGENCY,HIGH
23,1.34,3,10,RURAL,MEDIUM
119,2.89,1,413,RURAL,MEDIUM
92,0.58,2,229,EMERGENCY,HIGH
99,0.94,6,461,NORMAL,LOW
106,1.64,9,191,RURAL,HIGH
22,4.4,2,162,RURAL,MEDIUM
41,2.19,8,50,EMERGENCY,HIGH
93,3.6,9,255,RURAL,HIGH
145,0.83,7,167,EMERGENCY,HIGH
95,1.46,8,197,NORMAL,HIGH
86,0.84,1,348,NORMAL,LOW
149,4.44,4,293,EMERGENCY,HIGH
48,4.18,10,233,NORMAL,HIGH
71,4.28,3,208,NORMAL,LOW
119,1.12,7,137,RURAL,MEDIUM
57,4.35,5,226,NORMAL,LOW
84,1.06,7,257,EMERGENCY,HIGH
45,2.83,10,74,RURAL,HIGH
31,3.35,10,50,EMERGENCY,HIGH
49,3.96,5,215,EMERGENCY,HIGH
110,3.95,5,324,RURAL,MEDIUM
100,1.72,2,26,NORMAL,LOW
82,1.04,5,195,NORMAL,LOW
59,2.95,4,162,EMERGENCY,HIGH
103,0.27,3,288,EMERGENCY,HIGH
34,4.41,3,361,RURAL,MEDIUM
114,1.84,5,409,RURAL,MEDIUM
91,1.01,7,269,NORMAL,LOW
101,0.45,2,120,RURAL,MEDIUM
111,2.07,1,225,RURAL,MEDIUM
35,3.53,3,10,EMERGENCY,HIGH
117,3.62,10,215,EMERGENCY,HIGH
117,1.79,8,340,NORMAL,HIGH
76,3.33,4,426,NORMAL,LOW
64,1.15,5,92,RURAL,MEDIUM
73,2.73,9,182,NORMAL,HIGH
46,1.65,6,186,RURAL,MEDIUM
149,3.85,1,302,NORMAL,LOW
90,2.82,4,35,RURAL,MEDIUM
51,0.2,9,368,RURAL,HIGH
122,2.53,7,216,EMERGENCY,HIGH
107,4.98,4,199,NORMAL,LOW
131,4.84,1,444,NORMAL,LOW
140,1.17,6,213,RURAL,MEDIUM
52,3.56,5,248,RURAL,MEDIUM
128,1.25,2,55,EMERGENCY,HIGH
124,0.33,4,374,RURAL,MEDIUM
128,4.72,7,219,EMERGENCY,HIGH
123,4.66,7,79,EMERGENCY,HIGH
40,4.22,3,374,NORMAL,LOW
22,2.99,6,114,NORMAL,LOW
133,2.88,1,107,RURAL,MEDIUM
140,1.69,1,419,NORMAL,LOW
88,4.15,9,400,NORMAL,HIGH
78,0.4,1,250,NORMAL,LOW
21,2.32,8,351,NORMAL,HIGH
53,3.56,5,398,RURAL,MEDIUM
107,3.83,2,226,NORMAL,LOW
135,4.27,9,480,EMERGENCY,HIGH
132,0.78,8,195,EMERGENCY,HIGH
140,4.68,10,222,RURAL,HIGH
78,4.98,1,352,EMERGENCY,HIGH
100,1.85,5,329,EMERGENCY,HIGH
112,3.57,2,228,NORMAL,LOW
80,4.72,10,442,NORMAL,HIGH
26,0.77,6,129,NORMAL,LOW
127,4.48,7,89,RURAL,MEDIUM
47,2.04,1,174,NORMAL,LOW
43,3.88,5,407,EMERGENCY,HIGH
79,0.3,4,350,NORMAL,LOW
109,3.17,4,424,RURAL,MEDIUM
118,2.1,6,499,NORMAL,LOW
146,2.19,7,63,RURAL,MEDIUM
102,1.26,10,388,NORMAL,HIGH
121,1.65,8,292,EMERGENCY,HIGH
21,0.78,9,47,NORMAL,HIGH
49,1.79,3,152,NORMAL,LOW
84,1.15,3,331,RURAL,MEDIUM
127,0.53,3,153,EMERGENCY,HIGH
118,4.12,8,195,EMERGENCY,HIGH
62,4.04,7,323,RURAL,MEDIUM
23,4.45,4,151,NORMAL,LOW
52,1.19,6,483,EMERGENCY,HIGH
127,4.95,5,267,NORMAL,LOW
91,2.28,8,185,RURAL,HIGH
26,0.2,5,116,EMERGENCY,HIGH
83,1.3,5,27,RURAL,MEDIUM
116,4.15,1,46,EMERGENCY,HIGH
31,4.25,1,472,NORMAL,LOW
104,3.67,8,419,NORMAL,HIGH
143,1.52,1,103,RURAL,MEDIUM
67,4.35,7,475,NORMAL,LOW
128,0.93,1,263,RURAL,MEDIUM
49,2.46,2,75,NORMAL,LOW
147,3.84,2,32,NORMAL,LOW
43,3.15,7,301,NORMAL,LOW
139,1.33,6,12,NORMAL,LOW
30,2.38,2,105,RURAL,MEDIUM
71,1.67,5,285,NORMAL,LOW
41,2.93,4,154,RURAL,MEDIUM
49,2.95,8,402,EMERGENCY,HIGH
71,2.99,2,238,RURAL,MEDIUM
50,3.76,4,296,RURAL,MEDIUM
123,0.81,5,197,EMERGENCY,HIGH
140,1.85,2,464,EMERGENCY,HIGH
33,3.56,2,193,RURAL,MEDIUM
115,4.61,2,341,NORMAL,LOW
78,1.49,8,340,RURAL,HIGH
107,2.79,2,397,NORMAL,LOW
80,1.03,10,165,NORMAL,HIGH
103,4.53,8,421,NORMAL,HIGH
96,2.45,1,405,RURAL,MEDIUM
62,4.42,6,373,RURAL,MEDIUM
105,2.84,8,78,EMERGENCY,HIGH
55,3.61,2,447,RURAL,MEDIUM
56,1.12,9,65,NORMAL,HIGH
123,0.78,6,22,EMERGENCY,HIGH
150,3.86,1,153,NORMAL,LOW
143,0.15,6,405,NORMAL,LOW
46,0.97,6,161,NORMAL,LOW
117,3.48,4,444,NORMAL,LOW
148,3.37,9,191,NORMAL,HIGH
49,1.97,1,341,EMERGENCY,HIGH
91,4.82,3,322,NORMAL,LOW
52,2.2,1,210,NORMAL,LOW
65,1.97,1,458,RURAL,MEDIUM
102,0.84,5,321,RURAL,MEDIUM
111,2.28,3,414,EMERGENCY,HIGH
112,1.65,10,408,RURAL,HIGH
34,0.01,10,199,EMERGENCY,HIGH
97,4.98,10,270,EMERGENCY,HIGH
127,1.21,6,482,RURAL,MEDIUM
31,0.99,4,352,EMERGENCY,HIGH
67,3.73,6,149,NORMAL,LOW
142,3.99,2,417,NORMAL,LOW
64,3.36,10,287,EMERGENCY,HIGH
142,1.99,6,327,RURAL,MEDIUM
113,1.5,9,444,NORMAL,HIGH
103,2.47,10,199,EMERGENCY,HIGH
145,2.04,3,349,EMERGENCY,HIGH
49,2.43,8,295,EMERGENCY,HIGH
46,0.57,7,429,RURAL,MEDIUM
65,0.72,1,340,RURAL,MEDIUM
103,0.02,9,200,RURAL,HIGH
27,1.06,10,329,EMERGENCY,HIGH
138,2.9,5,237,NORMAL,LOW
102,4.6,7,345,NORMAL,LOW
123,0.45,10,93,NORMAL,HIGH
108,4.36,2,412,EMERGENCY,HIGH
78,2.98,9,373,NORMAL,HIGH
85,2.69,6,423,RURAL,MEDIUM
58,2.97,3,435,NORMAL,LOW
76,3.19,6,286,NORMAL,LOW
113,0.39,6,215,EMERGENCY,HIGH
140,0.21,10,178,NORMAL,HIGH
41,4.91,9,197,RURAL,HIGH
50,4.29,6,109,NORMAL,LOW
110,1.24,2,489,RURAL,MEDIUM
32,0.82,5,369,NORMAL,LOW
100,0.27,3,23,EMERGENCY,HIGH
80,1.41,3,181,EMERGENCY,HIGH
118,3.28,7,363,EMERGENCY,HIGH
26,0.07,1,494,EMERGENCY,HIGH
136,2.27,7,190,RURAL,MEDIUM
140,4.75,7,411,EMERGENCY,HIGH
82,4.83,9,103,EMERGENCY,HIGH
40,3.44,3,65,NORMAL,LOW
84,0.6,4,69,RURAL,MEDIUM
89,3.85,6,14,EMERGENCY,HIGH
30,0.43,5,397,RURAL,MEDIUM
45,1.46,8,442,NORMAL,HIGH
128,0.66,4,218,EMERGENCY,HIGH
140,0.08,3,241,RURAL,MEDIUM
67,2.55,9,14,EMERGENCY,HIGH
104,0.37,6,412,NORMAL,LOW
147,0.25,4,79,EMERGENCY,HIGH
116,0.54,9,253,RURAL,HIGH
82,2.21,1,60,NORMAL,LOW
97,4.56,7,250,NORMAL,LOW
75,3.14,8,409,NORMAL,HIGH
59,1.98,9,368,NORMAL,HIGH
60,4.43,4,11,NORMAL,LOW
82,2.85,4,145,NORMAL,LOW
131,3.77,5,233,NORMAL,LOW
141,4.3,3,167,RURAL,MEDIUM
101,1.32,5,335,NORMAL,LOW
131,3.03,1,336,RURAL,MEDIUM
38,4.58,9,416,NORMAL,HIGH
120,1.07,6,272,NORMAL,LOW
131,4.61,5,410,NORMAL,LOW
56,2.52,7,148,NORMAL,LOW
131,1.38,5,434,RURAL,MEDIUM
38,2.96,10,265,RURAL,HIGH
57,0.38,7,409,EMERGENCY,HIGH
138,3.39,1,143,NORMAL,LOW
31,4.0,8,336,RURAL,HIGH
132,1.93,3,234,NORMAL,LOW
134,0.99,2,478,EMERGENCY,HIGH
45,1.65,6,77,NORMAL,LOW
35,0.43,3,493,RURAL,MEDIUM
71,4.96,3,288,EMERGENCY,HIGH
93,2.55,9,467,NORMAL,HIGH
149,3.31,8,49,NORMAL,HIGH
143,4.92,7,111,RURAL,MEDIUM
49,2.14,10,125,RURAL,HIGH
130,4.26,3,140,NORMAL,LOW
29,4.77,3,103,NORMAL,LOW
125,2.31,2,62,NORMAL,LOW
101,1.65,2,490,EMERGENCY,HIGH
54,1.22,7,77,EMERGENCY,HIGH
84,2.19,10,243,RURAL,HIGH
145,4.99,6,237,NORMAL,LOW
28,1.59,3,393,RURAL,MEDIUM
120,1.85,6,104,NORMAL,LOW
45,4.1,7,302,RURAL,MEDIUM
40,2.4,3,469,RURAL,MEDIUM
67,1.08,4,325,RURAL,MEDIUM
92,0.95,7,75,RURAL,MEDIUM
53,3.21,6,295,EMERGENCY,HIGH
148,4.09,5,458,NORMAL,LOW
109,1.43,5,248,EMERGENCY,HIGH
118,0.77,10,423,NORMAL,HIGH
93,4.44,6,357,EMERGENCY,HIGH
51,4.81,8,207,NORMAL,HIGH
105,2.98,9,115,NORMAL,HIGH
99,1.54,10,385,EMERGENCY,HIGH
43,3.75,2,238,NORMAL,LOW
72,4.5,3,26,EMERGENCY,HIGH
117,2.45,2,112,NORMAL,LOW
28,3.48,3,242,EMERGENCY,HIGH
139,4.99,5,104,NORMAL,LOW
96,3.0,4,21,NORMAL,LOW
97,1.46,5,314,NORMAL,LOW
56,4.6,2,322,RURAL,MEDIUM
133,4.57,4,374,RURAL,MEDIUM
41,3.36,1,79,NORMAL,LOW
76,2.67,7,230,EMERGENCY,HIGH
102,0.61,8,143,NORMAL,HIGH
99,0.95,4,454,NORMAL,LOW
34,0.09,5,473,EMERGENCY,HIGH
72,4.37,4,160,RURAL,MEDIUM
86,0.26,9,224,EMERGENCY,HIGH
134,2.59,4,25,NORMAL,LOW
66,4.46,1,21,EMERGENCY,HIGH
33,0.12,2,31,EMERGENCY,HIGH
115,0.3,2,256,EMERGENCY,HIGH
47,0.63,4,15,RURAL,MEDIUM
22,4.29,9,149,NORMAL,HIGH
148,2.05,10,116,EMERGENCY,HIGH
100,3.16,6,41,EMERGENCY,HIGH
55,2.98,3,383,NORMAL,LOW
75,4.91,9,436,NORMAL,HIGH
30,2.5,9,201,EMERGENCY,HIGH
140,2.41,1,351,RURAL,MEDIUM
91,1.23,10,467,NORMAL,HIGH
23,1.02,5,489,NORMAL,LOW
78,1.71,4,251,EMERGENCY,HIGH
52,4.01,4,215,EMERGENCY,HIGH
141,3.24,9,427,EMERGENCY,HIGH
40,0.13,8,166,NORMAL,HIGH
46,3.62,2,136,NORMAL,LOW
26,4.97,4,171,NORMAL,LOW
137,1.07,9,219,RURAL,HIGH
47,1.59,4,29,RURAL,MEDIUM
100,0.63,6,106,NORMAL,LOW
101,2.29,2,462,RURAL,MEDIUM
126,2.01,10,432,NORMAL,HIGH
52,3.13,7,300,NORMAL,LOW
30,1.96,7,118,NORMAL,LOW
22,2.29,1,236,RURAL,MEDIUM
124,4.8,3,354,EMERGENCY,HIGH
58,4.99,2,104,NORMAL,LOW
81,4.17,4,145,NORMAL,LOW
78,4.32,6,68,RURAL,MEDIUM
55,4.79,9,466,NORMAL,HIGH
100,4.1,7,13,NORMAL,LOW
138,2.95,3,364,RURAL,MEDIUM
30,4.37,10,226,NORMAL,HIGH
73,3.41,5,477,NORMAL,LOW
50,0.15,3,109,RURAL,MEDIUM
36,4.84,9,130,RURAL,HIGH
108,0.9,10,349,NORMAL,HIGH
49,2.56,5,17,RURAL,MEDIUM
132,4.54,8,384,EMERGENCY,HIGH
76,2.99,8,460,RURAL,HIGH
38,3.11,3,326,EMERGENCY,HIGH
71,4.07,3,355,RURAL,MEDIUM
37,0.84,10,304,NORMAL,HIGH
121,0.27,2,276,RURAL,MEDIUM
138,1.91,8,453,RURAL,HIGH
148,0.66,9,188,NORMAL,HIGH
83,4.03,5,237,EMERGENCY,HIGH
114,4.07,4,143,NORMAL,LOW
96,2.16,7,229,RURAL,MEDIUM
146,0.57,10,202,RURAL,HIGH
72,4.79,1,275,NORMAL,LOW
127,4.08,8,77,EMERGENCY,HIGH
140,1.15,7,369,RURAL,MEDIUM
113,0.16,5,235,EMERGENCY,HIGH
109,2.92,3,209,RURAL,MEDIUM
38,4.48,5,427,EMERGENCY,HIGH
117,3.28,9,197,EMERGENCY,HIGH
63,0.56,1,221,NORMAL,LOW
68,0.71,4,14,RURAL,MEDIUM
82,3.12,10,346,RURAL,HIGH
20,2.46,6,84,EMERGENCY,HIGH
37,2.79,7,196,RURAL,MEDIUM
23,2.34,10,500,RURAL,HIGH
76,3.53,8,478,NORMAL,HIGH
104,4.87,7,105,EMERGENCY,HIGH
129,2.85,6,445,RURAL,MEDIUM
107,4.47,3,112,NORMAL,LOW
58,0.4,1,422,EMERGENCY,HIGH
38,4.47,5,94,EMERGENCY,HIGH
73,4.48,8,140,EMERGENCY,HIGH
80,2.21,4,376,NORMAL,LOW
114,3.22,3,60,RURAL,MEDIUM
24,4.03,5,132,RURAL,MEDIUM
40,2.97,2,492,EMERGENCY,HIGH
25,3.2,2,323,NORMAL,LOW
96,1.34,1,394,EMERGENCY,HIGH
88,3.16,5,219,NORMAL,LOW
75,0.04,3,330,NORMAL,LOW
54,3.15,4,277,EMERGENCY,HIGH
21,0.26,9,387,RURAL,HIGH
139,1.36,3,130,EMERGENCY,HIGH
78,3.16,8,260,RURAL,HIGH
85,1.6,5,145,EMERGENCY,HIGH
21,2.98,7,418,NORMAL,LOW
129,2.11,10,399,RURAL,HIGH
25,2.33,1,140,EMERGENCY,HIGH
94,4.27,10,102,RURAL,HIGH
134,0.97,6,420,NORMAL,LOW
36,1.23,9,141,EMERGENCY,HIGH
68,1.7,6,168,EMERGENCY,HIGH
41,2.05,5,348,EMERGENCY,HIGH
99,2.83,6,338,EMERGENCY,HIGH
73,2.02,9,311,EMERGENCY,HIGH
103,0.35,8,11,NORMAL,HIGH
56,1.7,6,463,EMERGENCY,HIGH
88,1.28,1,20,NORMAL,LOW
127,4.1,3,437,RURAL,MEDIUM
135,1.81,10,258,EMERGENCY,HIGH
88,2.64,5,70,NORMAL,LOW
96,4.99,8,31,RURAL,HIGH
141,4.5,6,134,NORMAL,LOW
148,2.22,9,15,RURAL,HIGH
148,0.68,4,305,EMERGENCY,HIGH
129,4.03,8,329,RURAL,HIGH
45,4.58,8,417,EMERGENCY,HIGH
37,1.66,10,471,RURAL,HIGH
42,4.78,6,400,RURAL,MEDIUM
69,2.61,7,444,NORMAL,LOW
104,3.86,4,251,EMERGENCY,HIGH
110,0.9,2,439,NORMAL,LOW
108,0.57,6,101,RURAL,MEDIUM
125,2.03,3,70,NORMAL,LOW
112,0.79,4,42,EMERGENCY,HIGH
92,3.92,1,224,EMERGENCY,HIGH
61,2.79,5,427,EMERGENCY,HIGH
123,4.67,8,86,EMERGENCY,HIGH
144,4.59,5,228,NORMAL,LOW
93,0.29,3,223,EMERGENCY,HIGH
133,1.58,10,284,RURAL,HIGH
31,3.84,5,451,EMERGENCY,HIGH
50,1.98,4,192,EMERGENCY,HIGH
133,2.77,7,407,RURAL,MEDIUM
110,0.94,9,422,EMERGENCY,HIGH
141,3.93,3,58,NORMAL,LOW
65,3.49,7,133,RURAL,MEDIUM
58,0.98,5,175,RURAL,MEDIUM
53,0.37,4,307,RURAL,MEDIUM
135,2.64,4,289,RURAL,MEDIUM
73,2.78,9,321,EMERGENCY,HIGH
116,1.84,2,406,EMERGENCY,HIGH
92,0.32,4,358,RURAL,MEDIUM
25,3.24,10,75,RURAL,HIGH
144,0.73,9,257,EMERGENCY,HIGH
30,3.96,1,359,RURAL,MEDIUM
92,4.91,9,72,NORMAL,HIGH
29,2.67,2,14,EMERGENCY,HIGH
29,4.28,5,95,EMERGENCY,HIGH
115,2.2,9,429,NORMAL,HIGH
135,3.72,4,156,NORMAL,LOW
75,4.1,1,409,EMERGENCY,HIGH
104,4.13,5,141,RURAL,MEDIUM
64,4.6,4,133,RURAL,MEDIUM
107,3.58,4,490,EMERGENCY,HIGH
125,1.31,1,500,RURAL,MEDIUM
120,3.12,10,386,NORMAL,HIGH
26,4.77,1,144,RURAL,MEDIUM
123,0.13,3,494,RURAL,MEDIUM
97,3.94,10,402,NORMAL,HIGH
150,3.82,3,229,EMERGENCY,HIGH
87,2.15,10,458,NORMAL,HIGH
93,3.29,1,98,EMERGENCY,HIGH
96,2.38,4,256,RURAL,MEDIUM
81,3.39,6,227,EMERGENCY,HIGH
44,1.77,10,126,NORMAL,HIGH
118,1.13,7,60,NORMAL,LOW
27,0.22,4,257,EMERGENCY,HIGH
103,0.08,6,445,NORMAL,LOW
115,2.16,5,95,EMERGENCY,HIGH
127,1.7,1,64,EMERGENCY,HIGH
92,2.46,9,420,EMERGENCY,HIGH
121,4.89,10,53,NORMAL,HIGH
45,1.39,5,369,RURAL,MEDIUM
102,2.9,2,342,NORMAL,LOW
110,2.04,10,319,NORMAL,HIGH
106,3.53,1,141,NORMAL,LOW
87,3.01,9,257,NORMAL,HIGH
91,0.95,8,476,EMERGENCY,HIGH
48,4.22,3,364,NORMAL,LOW
94,3.7,3,407,NORMAL,LOW
34,0.88,7,408,EMERGENCY,HIGH
43,2.2,1,44,NORMAL,LOW
78,4.33,8,337,NORMAL,HIGH
125,2.33,2,173,EMERGENCY,HIGH
112,4.48,8,352,RURAL,HIGH
132,4.33,5,52,EMERGENCY,HIGH
81,0.3,7,253,RURAL,MEDIUM
139,3.99,2,331,RURAL,MEDIUM
134,2.97,7,187,NORMAL,LOW
50,1.9,1,257,EMERGENCY,HIGH
117,1.83,7,321,NORMAL,LOW
129,2.41,9,325,RURAL,HIGH
124,2.7,7,401,NORMAL,LOW
57,4.54,2,92,EMERGENCY,HIGH
118,3.06,9,47,NORMAL,HIGH
59,3.26,6,277,EMERGENCY,HIGH
141,4.5,4,157,NORMAL,LOW
95,4.14,3,38,EMERGENCY,HIGH
130,2.29,9,121,NORMAL,HIGH
105,3.06,5,318,EMERGENCY,HIGH
128,0.28,9,77,RURAL,HIGH
34,4.81,4,31,RURAL,MEDIUM
65,3.42,2,370,RURAL,MEDIUM
62,2.35,7,368,EMERGENCY,HIGH
78,3.08,3,119,RURAL,MEDIUM
86,4.61,3,478,EMERGENCY,HIGH
44,1.45,8,344,EMERGENCY,HIGH
72,1.89,4,286,NORMAL,LOW
29,2.9,2,77,NORMAL,LOW
117,1.27,9,359,NORMAL,HIGH
114,2.0,10,161,EMERGENCY,HIGH
65,2.02,9,233,RURAL,HIGH
127,3.62,10,111,NORMAL,HIGH
32,3.62,10,25,EMERGENCY,HIGH
115,0.25,5,475,NORMAL,LOW
38,2.06,4,322,EMERGENCY,HIGH
148,3.34,6,207,EMERGENCY,HIGH
27,3.44,6,211,EMERGENCY,HIGH
22,4.16,1,65,EMERGENCY,HIGH
59,2.16,4,428,EMERGENCY,HIGH
104,2.02,4,471,RURAL,MEDIUM
131,3.53,3,89,RURAL,MEDIUM
149,2.48,1,241,EMERGENCY,HIGH
42,3.81,6,239,NORMAL,LOW
86,3.06,3,13,EMERGENCY,HIGH
104,2.68,8,14,RURAL,HIGH
57,3.12,5,86,RURAL,MEDIUM
96,1.71,10,371,NORMAL,HIGH
145,1.46,3,336,NORMAL,LOW
98,1.06,9,56,EMERGENCY,HIGH
74,1.94,2,344,NORMAL,LOW
91,1.14,7,292,NORMAL,LOW
110,3.96,9,289,RURAL,HIGH
57,4.72,4,436,EMERGENCY,HIGH
82,1.29,1,23,NORMAL,LOW
65,3.43,10,108,RURAL,HIGH
116,2.49,9,418,NORMAL,HIGH
117,1.96,8,445,RURAL,HIGH
103,1.09,6,417,EMERGENCY,HIGH
141,0.12,8,200,EMERGENCY,HIGH
149,2.4,10,157,EMERGENCY,HIGH
102,3.06,3,434,RURAL,MEDIUM
145,3.29,6,37,NORMAL,LOW
57,0.22,4,75,NORMAL,LOW
37,0.23,1,431,RURAL,MEDIUM
122,3.45,2,92,RURAL,MEDIUM
49,0.44,5,296,NORMAL,LOW
37,2.59,1,268,EMERGENCY,HIGH
28,0.63,8,443,EMERGENCY,HIGH
77,2.07,7,474,EMERGENCY,HIGH
59,0.82,8,214,EMERGENCY,HIGH
81,4.64,5,208,NORMAL,LOW
116,4.54,1,44,EMERGENCY,HIGH
123,0.34,3,86,EMERGENCY,HIGH
72,0.41,1,347,EMERGENCY,HIGH
43,1.25,1,174,NORMAL,LOW
73,2.5,2,324,RURAL,MEDIUM
71,1.2,7,304,RURAL,MEDIUM
55,2.31,3,261,NORMAL,LOW
33,0.73,7,482,NORMAL,LOW
75,1.9,6,245,RURAL,MEDIUM
149,4.27,10,487,EMERGENCY,HIGH
144,2.86,9,494,NORMAL,HIGH
48,2.36,7,267,RURAL,MEDIUM
134,2.08,7,395,EMERGENCY,HIGH
143,1.65,10,127,EMERGENCY,HIGH
77,2.37,5,451,RURAL,MEDIUM
93,3.79,2,461,RURAL,MEDIUM
136,0.94,1,108,RURAL,MEDIUM
52,1.45,3,305,NORMAL,LOW
116,2.17,8,64,NORMAL,HIGH
62,3.39,5,149,EMERGENCY,HIGH
39,0.4,6,353,NORMAL,LOW
132,4.7,8,136,NORMAL,HIGH
116,1.3,5,41,NORMAL,LOW
70,0.93,3,304,RURAL,MEDIUM
33,0.16,1,155,NORMAL,LOW
114,1.91,7,108,RURAL,MEDIUM
149,0.63,6,214,EMERGENCY,HIGH
20,1.47,2,398,EMERGENCY,HIGH
104,4.76,5,241,EMERGENCY,HIGH
27,3.43,3,120,NORMAL,LOW
106,0.56,7,416,RURAL,MEDIUM
81,3.64,5,275,NORMAL,LOW
101,0.68,7,22,EMERGENCY,HIGH
72,1.69,8,352,EMERGENCY,HIGH
101,3.51,6,465,RURAL,MEDIUM
22,0.59,3,493,EMERGENCY,HIGH
49,3.53,6,285,NORMAL,LOW
95,2.73,5,497,NORMAL,LOW
139,0.99,8,248,EMERGENCY,HIGH
27,1.37,10,354,RURAL,HIGH
145,0.21,5,343,NORMAL,LOW
107,2.36,8,129,NORMAL,HIGH
44,0.76,10,320,RURAL,HIGH
91,1.8,10,229,NORMAL,HIGH
80,1.23,6,377,RURAL,MEDIUM
75,2.12,2,485,NORMAL,LOW
142,2.73,5,42,RURAL,MEDIUM
87,3.56,3,316,EMERGENCY,HIGH
40,1.6,8,339,EMERGENCY,HIGH
102,0.16,6,58,NORMAL,LOW
144,3.83,1,483,NORMAL,LOW
111,0.04,9,396,NORMAL,HIGH
80,1.56,8,299,RURAL,HIGH
105,0.5,10,18,NORMAL,HIGH
116,2.75,4,385,EMERGENCY,HIGH
38,0.03,2,393,RURAL,MEDIUM
114,4.85,6,470,NORMAL,LOW
88,2.55,7,235,NORMAL,LOW
77,0.84,4,437,NORMAL,LOW
22,2.14,1,437,EMERGENCY,HIGH
147,0.85,8,95,RURAL,HIGH
40,3.41,1,197,NORMAL,LOW
102,0.15,5,488,EMERGENCY,HIGH
58,4.18,1,19,EMERGENCY,HIGH
68,2.25,2,459,RURAL,MEDIUM
65,3.48,1,23,NORMAL,LOW
70,3.21,4,151,EMERGENCY,HIGH
146,0.38,4,77,RURAL,MEDIUM
132,4.39,6,331,RURAL,MEDIUM
51,0.94,3,386,EMERGENCY,HIGH
125,0.4,6,157,EMERGENCY,HIGH
56,3.62,5,421,EMERGENCY,HIGH
64,4.89,5,388,EMERGENCY,HIGH
26,3.47,1,193,NORMAL,LOW
41,0.45,5,377,NORMAL,LOW
104,0.57,5,42,NORMAL,LOW
119,0.41,5,161,RURAL,MEDIUM
146,2.84,9,394,EMERGENCY,HIGH
81,3.28,2,315,NORMAL,LOW
27,3.64,5,245,RURAL,MEDIUM
80,0.39,9,237,NORMAL,HIGH
78,1.91,8,304,RURAL,HIGH
143,2.53,4,351,EMERGENCY,HIGH
42,2.86,3,461,EMERGENCY,HIGH
42,2.08,6,17,RURAL,MEDIUM
58,4.76,5,341,RURAL,MEDIUM
54,1.03,10,77,NORMAL,HIGH
127,0.49,1,12,NORMAL,LOW
145,4.44,7,45,EMERGENCY,HIGH
106,2.14,1,255,EMERGENCY,HIGH
144,0.14,2,98,RURAL,MEDIUM
75,3.59,8,293,EMERGENCY,HIGH
47,0.13,1,452,RURAL,MEDIUM
53,4.82,2,304,EMERGENCY,HIGH
142,2.08,7,395,EMERGENCY,HIGH
131,0.45,6,349,EMERGENCY,HIGH
88,1.88,6,346,EMERGENCY,HIGH
99,2.22,2,408,EMERGENCY,HIGH
124,3.41,1,317,RURAL,MEDIUM
108,0.06,3,472,RURAL,MEDIUM
32,3.53,2,385,EMERGENCY,HIGH
40,1.94,4,122,RURAL,MEDIUM
51,1.63,7,330,NORMAL,LOW
38,1.44,2,290,RURAL,MEDIUM
43,3.39,10,354,EMERGENCY,HIGH
59,0.83,6,169,RURAL,MEDIUM
20,3.53,4,472,EMERGENCY,HIGH
92,3.64,8,93,RURAL,HIGH
74,4.92,3,473,RURAL,MEDIUM
82,2.13,6,26,NORMAL,LOW
90,1.68,1,181,EMERGENCY,HIGH
122,0.79,7,372,EMERGENCY,HIGH
128,3.13,7,213,NORMAL,LOW
29,3.31,4,370,NORMAL,LOW
111,0.31,4,263,EMERGENCY,HIGH
130,0.23,1,364,NORMAL,LOW
103,2.54,1,382,EMERGENCY,HIGH
33,2.29,8,100,NORMAL,HIGH
58,2.89,1,447,EMERGENCY,HIGH
43,0.8,1,161,NORMAL,LOW
146,0.86,6,211,NORMAL,LOW
143,2.0,2,476,RURAL,MEDIUM
65,4.85,8,488,RURAL,HIGH
68,1.08,8,178,EMERGENCY,HIGH
58,1.86,6,41,RURAL,MEDIUM
135,0.21,5,442,EMERGENCY,HIGH
22,2.19,4,433,EMERGENCY,HIGH
38,1.47,5,163,RURAL,MEDIUM
94,0.23,2,446,RURAL,MEDIUM
132,1.23,7,155,RURAL,MEDIUM
79,3.85,7,66,RURAL,MEDIUM
88,0.32,3,368,RURAL,MEDIUM
24,4.25,4,315,RURAL,MEDIUM
111,1.44,10,326,EMERGENCY,HIGH
31,4.35,9,34,NORMAL,HIGH
64,5.0,7,241,RURAL,MEDIUM
111,0.38,1,89,NORMAL,LOW
126,3.84,6,494,EMERGENCY,HIGH
27,1.3,10,276,EMERGENCY,HIGH
123,2.77,4,137,EMERGENCY,HIGH
49,0.67,3,86,EMERGENCY,HIGH
100,2.16,8,379,RURAL,HIGH
64,3.0,3,132,RURAL,MEDIUM
86,1.93,9,37,NORMAL,HIGH
59,4.26,5,435,RURAL,MEDIUM
139,1.35,4,274,RURAL,MEDIUM
137,0.88,5,494,RURAL,MEDIUM
92,4.92,8,156,NORMAL,HIGH
108,0.92,1,180,NORMAL,LOW
76,2.86,3,274,RURAL,MEDIUM
133,0.74,3,235,EMERGENCY,HIGH
33,2.08,5,300,NORMAL,LOW
113,4.25,3,343,NORMAL,LOW
61,4.24,1,450,EMERGENCY,HIGH
125,2.68,7,316,RURAL,MEDIUM
22,0.85,5,435,RURAL,MEDIUM
21,3.68,9,326,EMERGENCY,HIGH
65,1.56,2,352,RURAL,MEDIUM
34,3.69,10,288,RURAL,HIGH
34,4.67,4,88,RURAL,MEDIUM
35,3.04,2,392,EMERGENCY,HIGH
126,3.93,2,242,RURAL,MEDIUM
139,1.7,4,442,RURAL,MEDIUM
94,1.66,7,320,RURAL,MEDIUM
99,2.41,1,160,EMERGENCY,HIGH
104,0.82,2,315,NORMAL,LOW
33,3.51,1,164,NORMAL,LOW
96,3.24,9,20,RURAL,HIGH
70,0.91,8,363,EMERGENCY,HIGH
49,0.89,7,433,NORMAL,LOW
139,0.1,6,385,NORMAL,LOW
148,2.83,4,263,EMERGENCY,HIGH
65,1.55,2,144,NORMAL,LOW
135,1.91,9,477,RURAL,HIGH
65,3.06,10,250,NORMAL,HIGH
91,2.99,8,105,EMERGENCY,HIGH
30,1.56,8,450,EMERGENCY,HIGH
56,2.27,1,248,NORMAL,LOW
89,2.0,8,165,NORMAL,HIGH
64,1.15,7,61,NORMAL,LOW
101,4.43,4,234,RURAL,MEDIUM
35,3.56,9,145,EMERGENCY,HIGH
137,1.09,2,251,EMERGENCY,HIGH
57,0.75,4,174,RURAL,MEDIUM
31,3.02,9,474,NORMAL,HIGH
141,3.62,6,438,EMERGENCY,HIGH
38,4.15,5,294,RURAL,MEDIUM
128,0.44,10,333,NORMAL,HIGH
144,1.85,10,76,NORMAL,HIGH
47,4.0,6,10,EMERGENCY,HIGH
118,2.34,1,374,RURAL,MEDIUM
51,2.35,2,24,RURAL,MEDIUM
144,3.06,10,78,NORMAL,HIGH
93,1.07,6,228,RURAL,MEDIUM
114,4.1,4,414,NORMAL,LOW
64,2.36,2,10,RURAL,MEDIUM
39,2.15,4,257,NORMAL,LOW
115,2.59,10,188,NORMAL,HIGH
129,2.05,6,321,NORMAL,LOW
130,3.44,7,164,RURAL,MEDIUM
54,4.82,8,422,NORMAL,HIGH
143,2.17,4,137,NORMAL,LOW
92,2.35,1,182,EMERGENCY,HIGH
68,2.92,4,258,EMERGENCY,HIGH
130,2.2,10,314,RURAL,HIGH
50,1.68,4,61,RURAL,MEDIUM
54,3.2,6,70,EMERGENCY,HIGH
75,1.32,10,461,RURAL,HIGH
128,1.52,8,430,NORMAL,HIGH
83,3.63,2,416,EMERGENCY,HIGH
74,0.61,6,293,EMERGENCY,HIGH
136,0.57,10,214,NORMAL,HIGH
134,3.21,1,231,NORMAL,LOW
29,2.7,5,402,NORMAL,LOW
138,2.97,4,83,RURAL,MEDIUM
115,1.29,3,436,RURAL,MEDIUM
113,1.59,8,226,RURAL,HIGH
31,3.82,10,261,EMERGENCY,HIGH
79,2.55,8,360,EMERGENCY,HIGH
87,2.33,10,478,NORMAL,HIGH
96,1.2,6,115,NORMAL,LOW
61,1.85,4,432,EMERGENCY,HIGH
122,0.5,5,491,RURAL,MEDIUM
118,3.83,8,370,RURAL,HIGH
59,4.74,1,227,RURAL,MEDIUM
97,2.98,3,197,EMERGENCY,HIGH
126,1.12,8,233,RURAL,HIGH
105,1.79,2,297,EMERGENCY,HIGH
115,1.49,7,386,RURAL,MEDIUM
39,3.05,10,34,RURAL,HIGH
124,0.34,6,305,RURAL,MEDIUM
68,4.77,1,151,NORMAL,LOW
35,2.81,9,453,NORMAL,HIGH
144,2.17,4,407,EMERGENCY,HIGH
143,1.16,6,314,NORMAL,LOW
80,4.49,10,427,EMERGENCY,HIGH
39,3.03,10,109,RURAL,HIGH
42,0.86,4,133,EMERGENCY,HIGH
43,4.06,2,142,RURAL,MEDIUM
91,3.28,6,309,EMERGENCY,HIGH
117,4.95,3,189,EMERGENCY,HIGH
115,3.15,4,17,RURAL,MEDIUM
118,1.94,7,432,NORMAL,LOW
69,2.35,9,470,NORMAL,HIGH
100,1.26,1,491,EMERGENCY,HIGH
70,0.83,4,319,EMERGENCY,HIGH
60,0.06,1,204,EMERGENCY,HIGH
114,1.65,2,43,EMERGENCY,HIGH
121,0.54,10,446,RURAL,HIGH
25,3.68,8,111,NORMAL,HIGH
23,3.97,5,93,RURAL,MEDIUM
139,1.43,9,323,RURAL,HIGH
93,4.9,10,23,EMERGENCY,HIGH
52,4.88,10,25,NORMAL,HIGH
48,2.31,4,450,NORMAL,LOW
45,1.41,9,264,RURAL,HIGH
55,1.81,5,57,EMERGENCY,HIGH
78,2.22,1,482,EMERGENCY,HIGH
45,3.32,8,181,NORMAL,HIGH
138,0.61,6,346,NORMAL,LOW
44,0.68,8,27,RURAL,HIGH
149,1.46,3,230,RURAL,MEDIUM
129,4.51,3,72,NORMAL,LOW
100,3.4,8,364,NORMAL,HIGH
21,2.51,4,419,NORMAL,LOW
36,3.29,2,98,EMERGENCY,HIGH
72,2.19,3,53,NORMAL,LOW
52,2.41,9,454,NORMAL,HIGH
145,2.25,5,15,EMERGENCY,HIGH
63,0.04,2,380,RURAL,MEDIUM
34,4.11,9,490,RURAL,HIGH
122,4.08,4,21,NORMAL,LOW
55,0.93,8,390,NORMAL,HIGH
25,2.93,4,369,EMERGENCY,HIGH
72,3.8,7,420,EMERGENCY,HIGH
116,1.85,2,60,NORMAL,LOW
40,2.24,6,208,EMERGENCY,HIGH
73,3.28,10,395,RURAL,HIGH
74,0.82,5,114,EMERGENCY,HIGH
90,0.42,5,21,EMERGENCY,HIGH
57,3.47,8,283,EMERGENCY,HIGH
119,2.41,7,30,RURAL,MEDIUM
67,4.67,2,334,NORMAL,LOW
92,0.77,9,155,RURAL,HIGH
136,3.88,3,447,RURAL,MEDIUM
79,0.82,3,113,NORMAL,LOW
91,4.12,9,492,EMERGENCY,HIGH
38,1.38,5,421,EMERGENCY,HIGH
22,4.36,10,334,EMERGENCY,HIGH
20,0.24,10,409,EMERGENCY,HIGH
144,4.48,6,228,EMERGENCY,HIGH
140,3.08,2,74,RURAL,MEDIUM
56,2.8,3,148,RURAL,MEDIUM
25,1.61,7,443,NORMAL,LOW
56,2.14,6,283,NORMAL,LOW
52,2.25,3,320,EMERGENCY,HIGH
88,0.81,8,207,NORMAL,HIGH
49,3.81,2,286,NORMAL,LOW
33,1.29,8,447,NORMAL,HIGH
149,0.19,1,335,NORMAL,LOW
84,1.39,9,53,NORMAL,HIGH
56,4.92,6,165,EMERGENCY,HIGH
79,0.45,3,388,NORMAL,LOW
97,1.76,4,11,NORMAL,LOW
120,3.92,5,437,RURAL,MEDIUM
138,4.14,9,450,RURAL,HIGH
107,3.6,1,242,NORMAL,LOW
26,4.66,4,176,RURAL,MEDIUM
26,3.87,1,98,RURAL,MEDIUM
99,4.09,6,281,NORMAL,LOW
78,4.21,10,140,NORMAL,HIGH
150,0.38,6,168,RURAL,MEDIUM
119,2.59,3,457,EMERGENCY,HIGH
60,1.08,10,491,RURAL,HIGH
42,1.68,8,255,EMERGENCY,HIGH
63,2.87,6,271,RURAL,MEDIUM
69,2.23,9,81,NORMAL,HIGH
35,3.06,9,477,NORMAL,HIGH
103,0.78,3,439,EMERGENCY,HIGH
29,4.91,1,343,EMERGENCY,HIGH
91,2.89,8,373,EMERGENCY,HIGH
23,4.54,9,417,NORMAL,HIGH
150,4.92,2,266,NORMAL,LOW
120,4.48,2,90,NORMAL,LOW
65,3.08,10,143,NORMAL,HIGH
57,3.72,1,306,NORMAL,LOW
23,2.92,4,57,RURAL,MEDIUM
103,4.1,8,36,NORMAL,HIGH
144,4.19,5,419,NORMAL,LOW
103,3.72,8,369,EMERGENCY,HIGH
30,4.09,1,172,EMERGENCY,HIGH
38,1.77,9,148,EMERGENCY,HIGH
24,4.18,7,231,EMERGENCY,HIGH
86,0.59,1,127,EMERGENCY,HIGH
49,4.73,3,81,NORMAL,LOW
26,0.82,2,155,NORMAL,LOW
123,2.47,9,398,NORMAL,HIGH
59,3.99,1,217,RURAL,MEDIUM
123,3.52,7,395,EMERGENCY,HIGH
134,1.73,9,46,EMERGENCY,HIGH
59,4.14,7,413,NORMAL,LOW
22,4.24,2,257,RURAL,MEDIUM
109,3.42,4,149,EMERGENCY,HIGH
125,1.03,6,349,NORMAL,LOW
67,1.77,9,384,EMERGENCY,HIGH
52,0.09,5,476,RURAL,MEDIUM
136,4.97,4,179,EMERGENCY,HIGH
112,2.43,10,438,NORMAL,HIGH
122,3.26,7,270,RURAL,MEDIUM
150,3.15,3,354,RURAL,MEDIUM
139,2.91,8,414,NORMAL,HIGH
115,0.59,6,189,RURAL,MEDIUM
130,1.11,2,141,RURAL,MEDIUM
108,0.96,6,451,NORMAL,LOW
135,4.1,10,393,NORMAL,HIGH
66,1.88,2,245,NORMAL,LOW
99,1.2,4,426,EMERGENCY,HIGH
118,3.2,5,353,EMERGENCY,HIGH
40,1.66,9,45,EMERGENCY,HIGH
81,0.44,6,496,NORMAL,LOW
28,2.36,10,63,NORMAL,HIGH
150,1.18,5,320,RURAL,MEDIUM
55,4.64,7,126,RURAL,MEDIUM
88,4.52,10,167,NORMAL,HIGH
41,4.31,10,97,RURAL,HIGH
49,4.0,2,211,NORMAL,LOW
85,3.8,1,234,RURAL,MEDIUM
127,3.08,3,342,NORMAL,LOW
135,4.52,1,98,RURAL,MEDIUM
131,1.5,1,65,RURAL,MEDIUM
27,4.36,1,47,EMERGENCY,HIGH
66,2.65,4,432,RURAL,MEDIUM
76,2.12,1,82,NORMAL,LOW
60,2.62,6,493,EMERGENCY,HIGH
44,0.99,7,232,RURAL,MEDIUM
102,0.37,1,178,NORMAL,LOW
92,4.86,2,462,NORMAL,LOW
89,2.46,2,97,RURAL,MEDIUM
143,4.72,5,65,NORMAL,LOW
25,2.56,6,491,NORMAL,LOW
139,2.29,2,22,RURAL,MEDIUM
39,3.9,8,179,EMERGENCY,HIGH
96,1.31,8,168,RURAL,HIGH
53,1.82,8,192,NORMAL,HIGH
37,4.4,3,423,EMERGENCY,HIGH
127,1.75,7,368,EMERGENCY,HIGH
132,1.11,5,265,RURAL,MEDIUM
24,3.57,4,164,EMERGENCY,HIGH
105,0.02,5,151,RURAL,MEDIUM
96,0.63,8,388,EMERGENCY,HIGH
51,4.62,6,201,RURAL,MEDIUM
121,3.76,6,102,EMERGENCY,HIGH
63,4.51,6,44,NORMAL,LOW
51,3.48,1,21,EMERGENCY,HIGH
60,1.55,2,100,NORMAL,LOW
74,3.01,4,331,NORMAL,LOW
73,1.86,2,460,NORMAL,LOW
102,1.39,3,264,RURAL,MEDIUM
50,1.86,8,253,RURAL,HIGH
20,1.79,10,325,EMERGENCY,HIGH
106,2.69,4,387,EMERGENCY,HIGH
31,4.88,8,139,EMERGENCY,HIGH
64,2.97,8,223,NORMAL,HIGH
95,0.54,6,236,NORMAL,LOW
68,0.76,2,453,EMERGENCY,HIGH
102,1.14,6,205,NORMAL,LOW
98,3.08,10,200,EMERGENCY,HIGH
80,0.1,5,192,EMERGENCY,HIGH
137,1.42,1,131,NORMAL,LOW
141,2.32,2,85,EMERGENCY,HIGH
132,4.83,1,399,NORMAL,LOW
146,1.5,7,237,RURAL,MEDIUM
25,2.21,1,355,NORMAL,LOW
150,1.99,2,61,RURAL,MEDIUM
91,4.04,9,187,EMERGENCY,HIGH
35,1.71,9,138,RURAL,HIGH
35,2.91,3,459,EMERGENCY,HIGH
20,3.53,1,367,RURAL,MEDIUM
74,2.78,5,296,RURAL,MEDIUM
74,0.18,2,177,EMERGENCY,HIGH
137,0.05,1,424,EMERGENCY,HIGH
93,0.77,4,445,RURAL,MEDIUM
74,3.76,10,299,EMERGENCY,HIGH
124,1.68,5,314,NORMAL,LOW
20,3.08,6,263,EMERGENCY,HIGH
136,0.43,1,208,EMERGENCY,HIGH
100,4.33,6,78,NORMAL,LOW
107,0.28,4,461,RURAL,MEDIUM
86,2.93,6,489,RURAL,MEDIUM
118,3.06,2,299,RURAL,MEDIUM
125,3.57,8,401,RURAL,HIGH
48,0.38,3,213,EMERGENCY,HIGH
26,4.98,6,21,RURAL,MEDIUM
58,1.55,10,179,RURAL,HIGH
50,0.78,3,136,EMERGENCY,HIGH
111,3.98,2,27,EMERGENCY,HIGH
77,4.32,3,147,NORMAL,LOW
69,0.52,10,33,RURAL,HIGH
37,3.19,6,210,RURAL,MEDIUM
80,2.06,9,151,RURAL,HIGH
84,3.89,7,492,NORMAL,LOW
84,1.26,8,290,RURAL,HIGH
44,2.7,3,290,EMERGENCY,HIGH
58,1.48,1,278,RURAL,MEDIUM
150,0.85,1,337,NORMAL,LOW
56,4.35,6,440,NORMAL,LOW
83,3.83,5,285,RURAL,MEDIUM
58,3.19,7,497,RURAL,MEDIUM
58,2.69,1,106,NORMAL,LOW
48,0.47,5,238,EMERGENCY,HIGH
31,2.57,6,323,EMERGENCY,HIGH
117,4.97,5,421,NORMAL,LOW
99,4.86,2,206,NORMAL,LOW
146,4.15,8,21,NORMAL,HIGH
35,1.86,9,259,EMERGENCY,HIGH
138,1.27,5,125,RURAL,MEDIUM
28,3.0,2,211,EMERGENCY,HIGH
107,4.76,3,198,NORMAL,LOW
96,3.12,9,220,EMERGENCY,HIGH
106,4.3,9,496,EMERGENCY,HIGH
31,0.7,7,392,EMERGENCY,HIGH
68,1.14,6,201,EMERGENCY,HIGH
72,1.61,8,36,NORMAL,HIGH
95,4.13,3,464,EMERGENCY,HIGH
101,0.05,6,299,RURAL,MEDIUM
51,1.87,4,32,NORMAL,LOW
64,2.79,1,75,EMERGENCY,HIGH
55,3.54,10,427,EMERGENCY,HIGH
98,2.07,3,385,NORMAL,LOW
147,0.07,6,239,RURAL,MEDIUM
49,4.18,5,481,NORMAL,LOW
132,4.02,2,342,EMERGENCY,HIGH
150,1.81,1,20,RURAL,MEDIUM
23,2.01,4,59,RURAL,MEDIUM
65,4.22,4,477,RURAL,MEDIUM
134,3.68,2,419,EMERGENCY,HIGH
47,3.29,8,359,EMERGENCY,HIGH
137,0.13,6,482,EMERGENCY,HIGH
142,2.62,5,323,NORMAL,LOW
75,1.35,8,201,RURAL,HIGH
86,0.31,3,472,RURAL,MEDIUM
25,1.86,2,293,NORMAL,LOW
119,2.18,10,42,NORMAL,HIGH
103,3.36,3,98,NORMAL,LOW
92,0.65,10,283,NORMAL,HIGH
92,2.27,6,225,RURAL,MEDIUM
26,4.6,8,471,EMERGENCY,HIGH
91,1.16,2,293,RURAL,MEDIUM
23,3.37,1,102,EMERGENCY,HIGH
75,2.91,4,456,RURAL,MEDIUM
78,0.2,4,398,NORMAL,LOW
122,3.73,7,94,RURAL,MEDIUM
59,2.47,5,493,EMERGENCY,HIGH
50,4.98,2,175,EMERGENCY,HIGH
121,2.82,1,135,RURAL,MEDIUM
34,0.44,3,456,RURAL,MEDIUM
134,3.75,8,367,NORMAL,HIGH
86,0.88,8,307,RURAL,HIGH
60,4.47,1,431,NORMAL,LOW
33,3.75,10,393,RURAL,HIGH
85,0.11,9,356,RURAL,HIGH
97,0.13,1,28,EMERGENCY,HIGH
41,4.23,3,276,EMERGENCY,HIGH
116,2.79,10,24,RURAL,HIGH
98,1.28,3,93,NORMAL,LOW
101,1.55,9,264,EMERGENCY,HIGH
121,0.35,6,363,EMERGENCY,HIGH
117,0.0,7,401,EMERGENCY,HIGH
31,1.3,6,61,RURAL,MEDIUM
147,3.99,8,122,EMERGENCY,HIGH
92,0.25,8,437,EMERGENCY,HIGH
77,1.03,8,89,RURAL,HIGH
135,2.31,4,214,EMERGENCY,HIGH
100,1.36,6,490,RURAL,MEDIUM
131,4.69,1,149,NORMAL,LOW
71,0.16,3,183,NORMAL,LOW
83,3.14,9,287,EMERGENCY,HIGH
82,4.72,7,107,RURAL,MEDIUM
125,3.23,2,104,NORMAL,LOW
98,4.75,5,441,EMERGENCY,HIGH
99,0.95,1,436,RURAL,MEDIUM
52,0.63,8,324,RURAL,HIGH
50,4.18,10,384,NORMAL,HIGH
118,3.69,2,426,RURAL,MEDIUM
32,4.7,10,394,RURAL,HIGH
20,4.36,2,417,EMERGENCY,HIGH
125,3.72,3,206,RURAL,MEDIUM
147,2.02,6,442,EMERGENCY,HIGH
60,1.06,3,463,NORMAL,LOW
133,0.82,9,115,RURAL,HIGH
59,1.04,10,185,RURAL,HIGH
131,4.44,4,186,RURAL,MEDIUM
22,4.66,2,70,EMERGENCY,HIGH
59,2.63,2,460,EMERGENCY,HIGH
109,1.36,10,493,EMERGENCY,HIGH
147,4.16,2,241,EMERGENCY,HIGH
22,2.92,7,322,EMERGENCY,HIGH
73,4.45,2,215,EMERGENCY,HIGH
48,0.87,3,200,RURAL,MEDIUM
127,2.06,4,45,EMERGENCY,HIGH
70,3.07,7,247,RURAL,MEDIUM
120,4.49,1,451,NORMAL,LOW
50,1.25,8,292,NORMAL,HIGH
45,0.33,10,30,EMERGENCY,HIGH
111,3.19,8,114,NORMAL,HIGH
137,2.57,8,415,RURAL,HIGH
96,0.96,8,187,NORMAL,HIGH
90,4.35,6,330,NORMAL,LOW
110,3.01,8,373,NORMAL,HIGH
67,3.91,7,343,NORMAL,LOW
41,0.19,8,158,RURAL,HIGH
35,0.59,1,234,EMERGENCY,HIGH
85,1.25,9,268,RURAL,HIGH
79,0.58,1,107,RURAL,MEDIUM
23,3.21,6,130,EMERGENCY,HIGH
90,1.84,7,94,NORMAL,LOW
66,4.67,5,156,NORMAL,LOW
70,1.56,3,26,EMERGENCY,HIGH
95,3.86,1,48,RURAL,MEDIUM
69,4.59,7,186,RURAL,MEDIUM
57,3.39,5,494,EMERGENCY,HIGH
88,4.3,7,183,RURAL,MEDIUM
21,3.1,9,25,EMERGENCY,HIGH
127,2.92,8,314,NORMAL,HIGH
133,4.51,9,254,RURAL,HIGH
71,0.05,4,464,NORMAL,LOW
36,4.17,4,56,NORMAL,LOW
114,1.4,10,485,EMERGENCY,HIGH
142,0.42,3,126,EMERGENCY,HIGH
113,0.19,10,360,EMERGENCY,HIGH
69,3.89,5,90,RURAL,MEDIUM
64,2.41,4,175,NORMAL,LOW
117,3.87,9,17,EMERGENCY,HIGH
129,3.24,5,220,RURAL,MEDIUM
30,1.92,1,374,NORMAL,LOW
37,1.43,7,455,NORMAL,LOW
53,1.3,2,478,EMERGENCY,HIGH
85,3.31,7,117,NORMAL,LOW
68,1.91,3,166,RURAL,MEDIUM
44,2.52,7,281,NORMAL,LOW
41,1.59,6,463,RURAL,MEDIUM
37,3.76,3,136,NORMAL,LOW
55,1.37,5,165,EMERGENCY,HIGH
69,2.49,8,379,NORMAL,HIGH
49,4.15,6,273,NORMAL,LOW
91,0.94,3,365,NORMAL,LOW
128,1.86,6,106,RURAL,MEDIUM
123,4.34,7,398,NORMAL,LOW
27,3.88,8,327,RURAL,HIGH
31,3.44,5,367,EMERGENCY,HIGH
144,0.46,3,247,RURAL,MEDIUM
119,3.09,4,465,EMERGENCY,HIGH
24,0.63,4,293,NORMAL,LOW
50,0.58,5,299,EMERGENCY,HIGH
136,0.45,7,435,NORMAL,LOW
121,3.17,2,406,RURAL,MEDIUM
26,3.0,9,443,RURAL,HIGH
34,1.08,5,385,NORMAL,LOW
64,3.55,9,30,RURAL,HIGH
123,1.11,9,360,RURAL,HIGH
90,0.06,9,312,EMERGENCY,HIGH
125,3.39,9,477,EMERGENCY,HIGH
148,0.33,5,13,NORMAL,LOW
95,1.5,5,488,EMERGENCY,HIGH
105,1.92,2,438,RURAL,MEDIUM
150,0.23,5,343,NORMAL,LOW
43,2.51,3,199,NORMAL,LOW
85,2.64,7,397,NORMAL,LOW
111,2.83,6,196,EMERGENCY,HIGH
140,2.38,9,276,RURAL,HIGH
147,4.35,5,381,NORMAL,LOW
29,2.58,10,16,NORMAL,HIGH
54,0.76,5,338,EMERGENCY,HIGH
93,2.21,6,175,NORMAL,LOW
125,0.39,1,102,EMERGENCY,HIGH
128,3.34,1,342,NORMAL,LOW
79,3.68,2,488,RURAL,MEDIUM
96,1.72,7,163,NORMAL,LOW
94,0.74,2,498,EMERGENCY,HIGH
21,4.58,2,82,EMERGENCY,HIGH
84,3.1,10,56,NORMAL,HIGH
148,1.29,4,195,RURAL,MEDIUM
58,3.27,8,149,RURAL,HIGH
43,3.39,2,193,EMERGENCY,HIGH
140,2.91,2,152,NORMAL,LOW
109,3.15,1,149,EMERGENCY,HIGH
42,1.49,2,457,EMERGENCY,HIGH
38,2.97,6,495,EMERGENCY,HIGH
43,1.52,6,44,NORMAL,LOW
96,3.47,10,471,EMERGENCY,HIGH
78,0.67,3,170,EMERGENCY,HIGH
44,2.14,5,19,NORMAL,LOW
97,2.66,5,146,RURAL,MEDIUM
30,4.9,8,87,EMERGENCY,HIGH
142,3.67,8,494,RURAL,HIGH
106,0.0,8,483,NORMAL,HIGH
52,3.71,6,25,EMERGENCY,HIGH
27,0.73,3,87,NORMAL,LOW
77,4.48,2,236,EMERGENCY,HIGH
42,3.44,5,422,EMERGENCY,HIGH
40,4.15,7,200,NORMAL,LOW
92,3.07,6,156,EMERGENCY,HIGH
72,1.14,8,361,EMERGENCY,HIGH
48,4.05,7,360,NORMAL,LOW
38,2.29,1,276,NORMAL,LOW
59,4.33,8,146,RURAL,HIGH
84,2.61,9,81,EMERGENCY,HIGH
55,0.58,6,17,RURAL,MEDIUM
93,4.82,3,223,RURAL,MEDIUM
63,0.92,3,30,RURAL,MEDIUM
42,2.25,5,422,EMERGENCY,HIGH
53,0.13,3,278,NORMAL,LOW
64,2.76,1,417,EMERGENCY,HIGH
140,2.29,7,451,RURAL,MEDIUM
123,0.32,10,163,RURAL,HIGH
82,1.56,8,57,EMERGENCY,HIGH
122,2.7,8,338,RURAL,HIGH
127,0.23,8,430,NORMAL,HIGH
94,2.58,3,208,RURAL,MEDIUM
149,1.91,2,362,EMERGENCY,HIGH
89,1.96,5,27,RURAL,MEDIUM
102,3.87,2,230,RURAL,MEDIUM
33,3.36,4,452,NORMAL,LOW
134,3.72,1,296,EMERGENCY,HIGH
128,0.62,1,324,NORMAL,LOW
95,3.62,4,122,NORMAL,LOW
149,2.45,4,283,NORMAL,LOW
138,1.16,6,189,EMERGENCY,HIGH
58,1.82,3,272,RURAL,MEDIUM
148,1.13,4,128,EMERGENCY,HIGH
79,0.89,2,298,NORMAL,LOW
131,4.34,1,297,RURAL,MEDIUM
90,3.81,9,345,RURAL,HIGH
61,2.53,5,174,EMERGENCY,HIGH
68,0.64,4,202,RURAL,MEDIUM
53,2.0,7,372,RURAL,MEDIUM
134,1.15,7,317,NORMAL,LOW
122,4.04,3,80,EMERGENCY,HIGH
25,0.38,4,117,RURAL,MEDIUM
50,2.58,7,56,NORMAL,LOW
93,1.82,1,98,NORMAL,LOW
84,0.33,6,325,RURAL,MEDIUM
63,0.24,6,262,NORMAL,LOW
119,3.77,7,191,NORMAL,LOW
24,3.46,1,276,RURAL,MEDIUM
121,0.05,8,323,RURAL,HIGH
142,0.68,9,435,NORMAL,HIGH
88,3.34,10,260,RURAL,HIGH
26,4.29,3,220,NORMAL,LOW
83,1.6,7,356,NORMAL,LOW
45,2.78,2,174,NORMAL,LOW
24,0.14,3,460,EMERGENCY,HIGH
51,3.9,7,238,EMERGENCY,HIGH
135,4.75,6,387,RURAL,MEDIUM
39,0.8,1,411,RURAL,MEDIUM
37,4.78,5,321,EMERGENCY,HIGH
88,4.67,4,272,NORMAL,LOW
93,2.14,1,342,NORMAL,LOW
126,4.18,2,186,EMERGENCY,HIGH
109,4.78,1,391,RURAL,MEDIUM
138,0.08,10,69,NORMAL,HIGH
128,0.17,9,407,RURAL,HIGH
49,2.17,8,357,EMERGENCY,HIGH
144,3.29,2,332,RURAL,MEDIUM
41,3.32,6,101,NORMAL,LOW
59,3.38,6,107,EMERGENCY,HIGH
131,0.8,3,372,EMERGENCY,HIGH
68,3.86,10,389,NORMAL,HIGH
83,0.09,3,387,NORMAL,LOW
135,2.22,8,112,NORMAL,HIGH
144,4.17,3,18,EMERGENCY,HIGH
132,1.99,8,185,EMERGENCY,HIGH
141,0.75,1,431,NORMAL,LOW
45,4.29,2,114,NORMAL,LOW
37,4.35,2,262,RURAL,MEDIUM
29,0.21,3,480,NORMAL,LOW
77,4.31,9,111,NORMAL,HIGH
71,3.39,10,33,RURAL,HIGH
64,1.46,8,282,RURAL,HIGH
83,2.96,9,327,EMERGENCY,HIGH
104,2.18,5,324,EMERGENCY,HIGH
64,2.53,9,220,NORMAL,HIGH
147,1.0,3,187,EMERGENCY,HIGH
119,1.41,9,91,RURAL,HIGH
64,4.1,6,226,EMERGENCY,HIGH
105,2.25,9,255,NORMAL,HIGH
36,0.38,10,248,RURAL,HIGH
147,0.07,6,361,NORMAL,LOW
86,0.69,8,126,EMERGENCY,HIGH
103,2.48,3,13,NORMAL,LOW
45,3.5,10,43,RURAL,HIGH
126,4.93,4,494,EMERGENCY,HIGH
55,2.19,3,374,NORMAL,LOW
120,0.56,5,159,EMERGENCY,HIGH
56,0.77,3,342,NORMAL,LOW
57,2.48,9,403,RURAL,HIGH
21,3.25,7,374,NORMAL,LOW
34,1.39,1,98,RURAL,MEDIUM
25,4.8,6,147,EMERGENCY,HIGH
60,2.15,4,310,RURAL,MEDIUM
49,1.66,3,50,EMERGENCY,HIGH
146,3.12,3,272,RURAL,MEDIUM
60,1.08,6,371,NORMAL,LOW
31,0.29,9,334,EMERGENCY,HIGH
72,3.4,10,70,NORMAL,HIGH
102,3.71,10,367,NORMAL,HIGH
52,3.67,2,394,EMERGENCY,HIGH
70,1.63,8,113,RURAL,HIGH
83,4.34,4,208,RURAL,MEDIUM
70,1.13,3,241,NORMAL,LOW
30,4.98,1,161,EMERGENCY,HIGH
89,3.72,4,391,EMERGENCY,HIGH
132,0.75,7,154,EMERGENCY,HIGH
53,2.95,7,134,RURAL,MEDIUM
71,1.38,2,262,EMERGENCY,HIGH
93,0.25,6,467,RURAL,MEDIUM
87,1.66,7,104,EMERGENCY,HIGH
63,1.43,3,74,EMERGENCY,HIGH
22,2.35,8,223,NORMAL,HIGH
91,4.65,9,276,NORMAL,HIGH
96,3.14,7,281,EMERGENCY,HIGH
43,1.69,10,63,RURAL,HIGH
75,1.2,10,437,NORMAL,HIGH
59,3.95,8,71,RURAL,HIGH
85,0.21,5,73,RURAL,MEDIUM
57,2.02,1,13,NORMAL,LOW
104,4.66,6,447,EMERGENCY,HIGH
104,2.78,10,433,EMERGENCY,HIGH
143,4.94,10,358,EMERGENCY,HIGH
26,1.5,4,39,RURAL,MEDIUM
70,0.31,6,309,RURAL,MEDIUM
100,4.02,5,300,NORMAL,LOW
79,0.64,6,78,RURAL,MEDIUM
99,1.17,6,423,RURAL,MEDIUM
48,2.37,10,43,NORMAL,HIGH
137,3.34,6,437,EMERGENCY,HIGH
52,2.69,3,328,EMERGENCY,HIGH
97,3.97,2,463,NORMAL,LOW
105,3.95,6,329,EMERGENCY,HIGH
129,1.98,5,226,EMERGENCY,HIGH
75,3.39,2,273,NORMAL,LOW
74,2.03,3,442,EMERGENCY,HIGH
79,3.26,2,448,NORMAL,LOW
35,0.15,8,262,NORMAL,HIGH
49,0.48,5,424,NORMAL,LOW
76,1.41,6,105,EMERGENCY,HIGH
131,0.12,4,494,RURAL,MEDIUM
57,0.42,9,180,RURAL,HIGH
123,4.71,4,98,NORMAL,LOW
77,4.86,5,265,NORMAL,LOW
36,0.52,4,497,EMERGENCY,HIGH
42,0.88,4,407,EMERGENCY,HIGH
54,4.67,3,465,NORMAL,LOW
79,1.93,10,420,RURAL,HIGH
101,2.46,3,90,EMERGENCY,HIGH
85,4.78,2,484,RURAL,MEDIUM
128,2.7,3,58,EMERGENCY,HIGH
27,1.99,5,156,NORMAL,LOW
109,1.71,1,363,NORMAL,LOW
132,2.81,4,60,EMERGENCY,HIGH
101,0.33,5,405,NORMAL,LOW
86,3.55,4,15,NORMAL,LOW
147,4.82,10,338,NORMAL,HIGH
45,3.71,10,488,EMERGENCY,HIGH
141,0.72,1,30,NORMAL,LOW
89,1.22,9,476,NORMAL,HIGH
54,0.78,10,234,RURAL,HIGH
124,2.11,1,319,RURAL,MEDIUM
132,1.99,9,342,EMERGENCY,HIGH
119,4.63,6,175,NORMAL,LOW
21,3.73,6,210,EMERGENCY,HIGH
30,4.45,1,462,NORMAL,LOW
77,3.23,1,128,RURAL,MEDIUM
49,0.52,2,107,NORMAL,LOW
35,3.68,4,499,RURAL,MEDIUM
98,2.91,10,174,RURAL,HIGH
99,3.71,3,484,NORMAL,LOW
56,1.47,5,468,RURAL,MEDIUM
62,2.58,5,115,RURAL,MEDIUM
130,0.4,5,325,EMERGENCY,HIGH
62,4.29,3,220,EMERGENCY,HIGH
22,2.44,3,407,NORMAL,LOW
40,2.16,4,264,EMERGENCY,HIGH
83,4.56,7,197,NORMAL,LOW
49,4.33,3,46,NORMAL,LOW
97,1.47,5,92,EMERGENCY,HIGH
102,4.73,8,316,RURAL,HIGH
56,3.05,5,168,NORMAL,LOW
122,0.31,6,337,EMERGENCY,HIGH
44,1.41,10,422,NORMAL,HIGH
20,3.47,4,435,RURAL,MEDIUM
28,1.38,3,463,EMERGENCY,HIGH
28,3.33,7,55,EMERGENCY,HIGH
32,0.19,2,41,RURAL,MEDIUM
32,4.89,4,486,EMERGENCY,HIGH
25,0.17,9,186,NORMAL,HIGH
58,0.36,9,295,EMERGENCY,HIGH
31,0.66,10,295,EMERGENCY,HIGH
138,1.69,5,447,EMERGENCY,HIGH
60,2.82,8,205,NORMAL,HIGH
37,0.58,2,241,EMERGENCY,HIGH
32,0.17,8,53,NORMAL,HIGH
74,4.35,7,101,RURAL,MEDIUM
112,1.19,6,310,RURAL,MEDIUM
89,1.38,2,277,RURAL,MEDIUM
97,2.77,6,267,RURAL,MEDIUM
27,1.85,1,81,RURAL,MEDIUM
45,2.73,6,370,RURAL,MEDIUM
69,3.61,10,478,RURAL,HIGH
77,3.4,6,278,NORMAL,LOW
64,1.85,7,405,EMERGENCY,HIGH
24,3.21,3,52,EMERGENCY,HIGH
24,3.98,7,137,EMERGENCY,HIGH
24,0.67,5,344,EMERGENCY,HIGH
93,0.43,10,151,EMERGENCY,HIGH
131,3.03,2,209,RURAL,MEDIUM
90,0.78,6,36,RURAL,MEDIUM
142,4.16,4,323,RURAL,MEDIUM
144,0.44,1,312,EMERGENCY,HIGH
96,0.14,8,113,NORMAL,HIGH
30,0.02,8,109,RURAL,HIGH
75,1.68,4,430,NORMAL,LOW
92,3.61,3,317,NORMAL,LOW
102,3.19,10,13,EMERGENCY,HIGH
90,1.23,4,486,EMERGENCY,HIGH
21,2.4,6,429,NORMAL,LOW
48,2.53,10,86,EMERGENCY,HIGH
70,3.99,1,157,EMERGENCY,HIGH
68,4.8,10,124,NORMAL,HIGH
92,1.57,6,139,EMERGENCY,HIGH
69,1.82,3,280,NORMAL,LOW
21,1.28,3,330,NORMAL,LOW
88,1.35,8,304,RURAL,HIGH
114,4.2,8,350,RURAL,HIGH
115,2.38,10,418,EMERGENCY,HIGH
36,4.01,5,285,NORMAL,LOW
107,4.35,8,174,RURAL,HIGH
55,4.06,5,160,RURAL,MEDIUM
42,3.75,7,498,NORMAL,LOW
65,1.03,7,463,EMERGENCY,HIGH
31,1.22,8,406,EMERGENCY,HIGH
94,1.34,7,407,RURAL,MEDIUM
51,4.16,5,96,RURAL,MEDIUM
73,3.96,8,111,EMERGENCY,HIGH
61,3.54,2,462,EMERGENCY,HIGH
21,0.76,3,208,NORMAL,LOW
68,3.97,2,232,EMERGENCY,HIGH
134,3.07,10,105,EMERGENCY,HIGH
104,0.14,3,460,RURAL,MEDIUM
22,0.16,3,214,RURAL,MEDIUM
57,1.09,7,373,EMERGENCY,HIGH
63,0.76,5,68,RURAL,MEDIUM
75,2.47,5,190,EMERGENCY,HIGH
27,3.99,4,449,EMERGENCY,HIGH
107,2.66,10,490,EMERGENCY,HIGH
85,0.71,2,467,EMERGENCY,HIGH
116,3.41,6,326,EMERGENCY,HIGH
129,2.02,3,176,NORMAL,LOW
90,2.35,8,340,RURAL,HIGH
112,0.84,9,215,EMERGENCY,HIGH
73,4.89,9,428,NORMAL,HIGH
22,3.47,7,163,RURAL,MEDIUM
87,3.05,4,145,NORMAL,LOW
57,3.5,9,351,NORMAL,HIGH
100,0.21,1,331,NORMAL,LOW
127,0.18,3,56,EMERGENCY,HIGH
43,1.69,8,313,NORMAL,HIGH
137,1.01,7,298,RURAL,MEDIUM
103,1.72,5,221,NORMAL,LOW
110,4.85,9,288,RURAL,HIGH
112,0.09,3,385,EMERGENCY,HIGH
45,3.05,5,454,NORMAL,LOW
126,4.96,10,203,EMERGENCY,HIGH
25,0.91,1,398,RURAL,MEDIUM
59,0.87,6,370,RURAL,MEDIUM
38,2.5,10,244,EMERGENCY,HIGH
61,2.67,6,230,EMERGENCY,HIGH
62,3.81,5,343,RURAL,MEDIUM
119,1.79,3,273,RURAL,MEDIUM
51,4.59,3,22,RURAL,MEDIUM
132,1.43,1,428,RURAL,MEDIUM
144,0.28,1,185,RURAL,MEDIUM
133,0.75,2,127,RURAL,MEDIUM
41,0.29,3,183,RURAL,MEDIUM
132,0.68,6,95,RURAL,MEDIUM
99,0.71,2,229,NORMAL,LOW
122,4.44,10,269,NORMAL,HIGH
71,1.41,10,369,RURAL,HIGH
138,1.98,1,244,EMERGENCY,HIGH
50,0.13,8,58,EMERGENCY,HIGH
49,1.75,5,166,NORMAL,LOW
25,1.33,9,330,EMERGENCY,HIGH
113,0.67,7,17,NORMAL,LOW
68,2.02,6,361,EMERGENCY,HIGH
145,3.49,3,322,NORMAL,LOW
82,0.43,5,40,NORMAL,LOW
118,1.66,9,478,NORMAL,HIGH
46,1.09,4,435,NORMAL,LOW
125,0.33,3,195,RURAL,MEDIUM
29,2.9,1,417,RURAL,MEDIUM
131,2.5,6,105,RURAL,MEDIUM
132,1.29,6,41,NORMAL,LOW
129,1.07,8,131,NORMAL,HIGH
150,2.17,5,79,NORMAL,LOW
112,1.5,10,467,NORMAL,HIGH
25,3.14,2,371,EMERGENCY,HIGH
35,4.89,1,96,RURAL,MEDIUM
47,1.88,6,153,RURAL,MEDIUM
25,3.56,8,490,RURAL,HIGH
87,1.61,6,85,RURAL,MEDIUM
142,3.22,6,54,NORMAL,LOW
42,2.73,5,144,EMERGENCY,HIGH
80,3.19,6,222,NORMAL,LOW
68,0.72,5,269,RURAL,MEDIUM
54,3.41,5,495,EMERGENCY,HIGH
42,0.82,10,239,EMERGENCY,HIGH
106,2.61,4,243,EMERGENCY,HIGH
76,2.11,4,204,NORMAL,LOW
131,0.05,3,140,RURAL,MEDIUM
93,3.59,4,390,NORMAL,LOW
123,4.69,3,52,EMERGENCY,HIGH
106,1.66,6,328,NORMAL,LOW
70,0.73,4,137,EMERGENCY,HIGH
65,2.76,6,277,RURAL,MEDIUM
90,1.97,9,327,RURAL,HIGH
42,0.56,2,230,RURAL,MEDIUM
126,4.7,6,437,NORMAL,LOW
40,0.5,3,372,RURAL,MEDIUM
132,4.82,10,475,RURAL,HIGH
62,3.36,4,179,EMERGENCY,HIGH
69,1.56,6,309,NORMAL,LOW
98,0.38,10,449,NORMAL,HIGH
20,0.64,7,256,NORMAL,LOW
39,1.21,1,499,RURAL,MEDIUM
89,4.83,9,366,NORMAL,HIGH
98,2.36,6,234,EMERGENCY,HIGH
43,2.57,5,140,RURAL,MEDIUM
103,1.38,1,28,NORMAL,LOW
112,4.66,2,138,EMERGENCY,HIGH
20,2.71,6,58,EMERGENCY,HIGH
141,4.25,8,107,NORMAL,HIGH
107,3.41,8,94,NORMAL,HIGH
100,3.75,6,471,EMERGENCY,HIGH
106,2.29,8,142,RURAL,HIGH
105,1.71,6,402,RURAL,MEDIUM
59,3.34,5,337,RURAL,MEDIUM
112,1.57,1,471,NORMAL,LOW
111,1.85,8,493,EMERGENCY,HIGH
104,2.96,3,138,RURAL,MEDIUM
65,4.95,9,395,EMERGENCY,HIGH
38,2.63,8,393,RURAL,HIGH
33,2.11,9,407,NORMAL,HIGH
80,1.83,5,335,EMERGENCY,HIGH
69,1.69,4,341,RURAL,MEDIUM
20,2.06,10,473,RURAL,HIGH
91,2.46,3,269,RURAL,MEDIUM
110,0.59,8,148,EMERGENCY,HIGH
113,3.88,5,309,RURAL,MEDIUM
77,1.3,1,483,RURAL,MEDIUM
22,3.97,9,143,RURAL,HIGH
71,1.38,8,466,NORMAL,HIGH
46,1.61,8,329,EMERGENCY,HIGH
39,0.41,2,142,NORMAL,LOW
118,1.82,7,133,RURAL,MEDIUM
37,2.07,10,168,EMERGENCY,HIGH
100,4.14,8,309,RURAL,HIGH
122,0.67,3,147,EMERGENCY,HIGH
73,4.99,2,436,RURAL,MEDIUM
100,2.57,6,39,EMERGENCY,HIGH
99,2.61,4,298,NORMAL,LOW
45,1.68,5,79,EMERGENCY,HIGH
100,3.05,3,498,EMERGENCY,HIGH
103,3.44,3,359,RURAL,MEDIUM
133,3.03,3,485,NORMAL,LOW
71,0.5,7,91,RURAL,MEDIUM
36,2.2,6,40,EMERGENCY,HIGH
80,3.17,6,62,EMERGENCY,HIGH
100,2.98,4,185,NORMAL,LOW
141,1.51,9,315,RURAL,HIGH
43,3.55,2,336,RURAL,MEDIUM
87,3.92,3,77,NORMAL,LOW
110,4.87,2,317,RURAL,MEDIUM
52,2.75,3,306,RURAL,MEDIUM
21,2.71,3,137,EMERGENCY,HIGH
59,4.52,9,306,RURAL,HIGH
29,2.65,7,54,EMERGENCY,HIGH
79,3.52,2,12,NORMAL,LOW
130,1.83,5,285,NORMAL,LOW
86,0.73,8,55,RURAL,HIGH
23,0.07,3,142,NORMAL,LOW
88,2.86,2,498,NORMAL,LOW
137,4.32,9,460,RURAL,HIGH
54,4.73,1,141,EMERGENCY,HIGH
114,0.32,2,28,EMERGENCY,HIGH
49,3.84,4,253,NORMAL,LOW
89,2.02,1,17,RURAL,MEDIUM
45,4.21,1,125,EMERGENCY,HIGH
95,4.73,4,300,EMERGENCY,HIGH
122,0.22,8,308,EMERGENCY,HIGH
30,3.06,3,188,NORMAL,LOW
61,4.83,7,373,RURAL,MEDIUM
22,1.4,8,48,RURAL,HIGH
42,1.25,6,473,EMERGENCY,HIGH
63,0.99,6,61,NORMAL,LOW
51,2.98,10,239,NORMAL,HIGH
149,4.33,10,31,NORMAL,HIGH
61,2.44,2,466,EMERGENCY,HIGH
30,4.62,2,128,NORMAL,LOW
142,4.95,5,448,NORMAL,LOW
44,0.0,7,164,RURAL,MEDIUM
66,3.63,5,152,RURAL,MEDIUM
142,1.83,1,427,EMERGENCY,HIGH
26,3.36,2,454,EMERGENCY,HIGH
142,0.57,8,284,EMERGENCY,HIGH
79,4.16,9,266,RURAL,HIGH
114,0.36,3,344,NORMAL,LOW
125,4.1,8,138,RURAL,HIGH
102,4.32,4,320,RURAL,MEDIUM
110,3.97,4,485,EMERGENCY,HIGH
125,2.71,8,369,RURAL,HIGH
51,2.29,5,357,RURAL,MEDIUM
111,4.25,4,461,NORMAL,LOW
69,0.76,1,41,EMERGENCY,HIGH
114,0.39,10,422,NORMAL,HIGH
72,0.33,7,25,EMERGENCY,HIGH
80,4.99,2,399,RURAL,MEDIUM
47,1.21,6,433,EMERGENCY,HIGH
81,1.53,1,336,NORMAL,LOW
138,3.57,9,41,EMERGENCY,HIGH
101,1.79,6,25,EMERGENCY,HIGH
118,1.23,8,57,NORMAL,HIGH
66,3.79,2,167,RURAL,MEDIUM
145,1.02,8,197,NORMAL,HIGH
66,3.85,7,286,EMERGENCY,HIGH
135,1.57,4,198,RURAL,MEDIUM
32,3.81,1,451,RURAL,MEDIUM
112,4.55,10,195,RURAL,HIGH
145,1.53,5,240,EMERGENCY,HIGH
121,2.79,1,397,NORMAL,LOW
76,4.92,5,73,NORMAL,LOW
137,3.42,4,379,RURAL,MEDIUM
103,1.26,2,299,RURAL,MEDIUM
91,4.21,6,481,NORMAL,LOW
97,1.23,8,322,EMERGENCY,HIGH
58,4.25,1,452,NORMAL,LOW
107,3.31,10,321,EMERGENCY,HIGH
31,3.55,7,496,NORMAL,LOW
132,4.22,5,225,EMERGENCY,HIGH
47,3.98,10,363,RURAL,HIGH
109,2.18,10,500,RURAL,HIGH
98,0.89,1,480,RURAL,MEDIUM
135,4.1,9,434,RURAL,HIGH
150,3.9,9,246,RURAL,HIGH
117,2.32,10,419,NORMAL,HIGH
139,1.9,8,309,NORMAL,HIGH
65,1.86,5,114,EMERGENCY,HIGH
20,4.93,9,254,NORMAL,HIGH
61,1.8,3,43,NORMAL,LOW
138,1.22,3,319,EMERGENCY,HIGH
64,1.13,3,55,NORMAL,LOW
68,1.38,9,13,NORMAL,HIGH
113,1.79,9,238,EMERGENCY,HIGH
130,0.82,1,266,EMERGENCY,HIGH
46,0.51,4,124,EMERGENCY,HIGH
83,2.26,2,499,EMERGENCY,HIGH
28,1.35,10,273,EMERGENCY,HIGH
85,2.78,6,306,RURAL,MEDIUM
64,2.55,10,247,EMERGENCY,HIGH
33,3.57,8,429,NORMAL,HIGH
144,3.22,7,478,NORMAL,LOW
110,1.08,1,191,RURAL,MEDIUM
110,1.02,9,74,RURAL,HIGH
67,4.99,3,211,RURAL,MEDIUM
27,4.74,8,426,RURAL,HIGH
45,2.98,5,245,RURAL,MEDIUM
24,0.08,7,105,NORMAL,LOW
42,3.0,5,357,NORMAL,LOW
39,0.12,2,463,RURAL,MEDIUM
54,2.31,3,308,RURAL,MEDIUM
124,3.85,7,380,EMERGENCY,HIGH
90,4.18,8,10,NORMAL,HIGH
38,4.28,4,247,EMERGENCY,HIGH
123,1.17,2,141,RURAL,MEDIUM
70,1.81,5,326,EMERGENCY,HIGH
34,3.38,3,447,EMERGENCY,HIGH
112,3.55,5,214,RURAL,MEDIUM
130,1.84,6,250,NORMAL,LOW
62,0.57,9,446,NORMAL,HIGH
148,2.32,7,345,EMERGENCY,HIGH
138,3.47,7,373,EMERGENCY,HIGH
150,2.48,7,146,EMERGENCY,HIGH
27,4.38,7,325,RURAL,MEDIUM
66,0.17,5,208,NORMAL,LOW
105,3.08,8,362,EMERGENCY,HIGH
68,2.01,6,339,RURAL,MEDIUM
115,4.42,4,41,EMERGENCY,HIGH
22,3.73,4,394,RURAL,MEDIUM
135,3.61,3,463,NORMAL,LOW
69,2.85,1,205,RURAL,MEDIUM
48,3.06,1,458,EMERGENCY,HIGH
71,2.42,8,384,RURAL,HIGH
131,4.1,10,172,RURAL,HIGH
52,0.19,7,205,NORMAL,LOW
108,0.13,5,88,NORMAL,LOW
143,1.31,9,262,NORMAL,HIGH
141,3.08,1,483,NORMAL,LOW
124,0.61,2,379,NORMAL,LOW
30,3.92,6,295,EMERGENCY,HIGH
114,0.49,5,235,EMERGENCY,HIGH
47,4.07,1,140,EMERGENCY,HIGH
43,4.46,2,271,NORMAL,LOW
43,0.18,2,281,EMERGENCY,HIGH
119,3.93,6,340,RURAL,MEDIUM
57,2.63,9,353,EMERGENCY,HIGH
44,1.97,5,165,RURAL,MEDIUM
126,0.01,8,89,EMERGENCY,HIGH
56,3.56,9,481,RURAL,HIGH
98,3.98,4,415,RURAL,MEDIUM
119,2.46,8,466,RURAL,HIGH
101,2.45,6,179,RURAL,MEDIUM
117,1.12,6,365,NORMAL,LOW
53,3.8,6,239,NORMAL,LOW
136,3.93,2,200,NORMAL,LOW
76,2.41,4,42,EMERGENCY,HIGH
128,3.68,4,29,RURAL,MEDIUM
77,1.32,7,498,EMERGENCY,HIGH
125,0.03,5,435,EMERGENCY,HIGH
43,3.12,3,476,NORMAL,LOW
144,3.4,6,26,NORMAL,LOW
130,4.88,3,223,NORMAL,LOW
30,0.13,9,440,RURAL,HIGH
144,3.7,2,390,EMERGENCY,HIGH
66,3.84,10,33,EMERGENCY,HIGH
45,2.95,6,356,RURAL,MEDIUM
51,0.94,6,251,RURAL,MEDIUM
56,0.03,2,23,RURAL,MEDIUM
111,4.31,7,351,RURAL,MEDIUM
69,3.51,10,220,EMERGENCY,HIGH
41,1.64,7,419,RURAL,MEDIUM
69,4.81,7,297,NORMAL,LOW
145,0.31,4,66,RURAL,MEDIUM
81,4.8,2,368,EMERGENCY,HIGH
41,2.45,2,173,EMERGENCY,HIGH
110,0.25,4,60,RURAL,MEDIUM
100,2.66,7,43,NORMAL,LOW
131,1.72,2,180,NORMAL,LOW
149,4.79,6,152,EMERGENCY,HIGH
143,3.73,2,196,EMERGENCY,HIGH
97,2.24,8,421,NORMAL,HIGH
132,2.05,6,348,EMERGENCY,HIGH
26,4.55,3,297,NORMAL,LOW
42,0.19,5,459,EMERGENCY,HIGH
128,0.44,8,313,RURAL,HIGH
125,2.94,1,294,NORMAL,LOW
119,0.25,1,46,EMERGENCY,HIGH
126,1.74,7,82,RURAL,MEDIUM
61,1.95,3,163,NORMAL,LOW
40,3.18,2,17,EMERGENCY,HIGH
88,3.2,1,425,RURAL,MEDIUM
34,0.25,5,377,RURAL,MEDIUM
101,0.34,4,418,NORMAL,LOW
111,5.0,1,72,EMERGENCY,HIGH
116,0.74,9,235,RURAL,HIGH
136,2.88,6,342,NORMAL,LOW
77,1.86,10,21,EMERGENCY,HIGH
63,1.27,8,495,RURAL,HIGH
36,2.16,2,269,EMERGENCY,HIGH
72,1.67,2,43,RURAL,MEDIUM
36,0.75,8,127,EMERGENCY,HIGH
112,3.13,2,104,RURAL,MEDIUM
27,2.92,7,428,RURAL,MEDIUM
56,3.12,7,55,EMERGENCY,HIGH
150,2.88,3,42,RURAL,MEDIUM
25,3.29,8,298,NORMAL,HIGH
89,2.09,2,297,NORMAL,LOW
27,4.49,8,246,RURAL,HIGH
74,2.17,1,289,EMERGENCY,HIGH
121,1.13,1,210,EMERGENCY,HIGH
132,0.48,5,433,NORMAL,LOW
105,2.54,6,248,NORMAL,LOW
89,0.24,7,442,RURAL,MEDIUM
36,3.25,5,265,NORMAL,LOW
147,0.55,1,497,NORMAL,LOW
142,3.32,5,105,EMERGENCY,HIGH
45,3.77,4,338,EMERGENCY,HIGH
149,2.03,7,196,NORMAL,LOW
45,1.78,8,411,RURAL,HIGH
115,1.6,4,154,NORMAL,LOW
81,3.66,5,114,RURAL,MEDIUM
86,4.14,6,279,EMERGENCY,HIGH
140,3.45,10,461,RURAL,HIGH
52,0.53,6,278,NORMAL,LOW
21,0.3,10,152,NORMAL,HIGH
121,0.41,2,395,RURAL,MEDIUM
136,4.29,7,140,RURAL,MEDIUM
79,2.38,6,458,RURAL,MEDIUM
94,3.9,10,289,EMERGENCY,HIGH
37,1.9,1,448,RURAL,MEDIUM
74,3.73,8,60,EMERGENCY,HIGH
134,0.46,4,456,RURAL,MEDIUM
45,4.36,1,329,EMERGENCY,HIGH
112,4.46,4,266,EMERGENCY,HIGH
46,1.58,3,207,EMERGENCY,HIGH
78,2.98,10,74,RURAL,HIGH
137,3.95,10,217,RURAL,HIGH
99,3.33,6,493,RURAL,MEDIUM
111,4.64,6,488,EMERGENCY,HIGH
112,4.24,5,249,RURAL,MEDIUM
137,4.71,9,141,EMERGENCY,HIGH
124,2.94,4,203,NORMAL,LOW
57,3.64,3,257,NORMAL,LOW
129,4.2,2,447,EMERGENCY,HIGH
75,1.28,3,57,NORMAL,LOW
34,0.73,10,372,NORMAL,HIGH
84,1.95,8,309,NORMAL,HIGH
117,0.73,4,73,NORMAL,LOW
54,3.35,3,430,RURAL,MEDIUM
59,4.56,5,103,EMERGENCY,HIGH
73,0.59,5,124,NORMAL,LOW
84,1.83,2,372,RURAL,MEDIUM
50,2.27,8,477,EMERGENCY,HIGH
80,0.29,4,413,EMERGENCY,HIGH
124,2.37,9,171,RURAL,HIGH
139,4.56,5,88,EMERGENCY,HIGH
88,1.27,8,88,NORMAL,HIGH
129,1.65,2,179,RURAL,MEDIUM
120,3.65,5,246,RURAL,MEDIUM
35,4.23,7,410,NORMAL,LOW
109,4.9,9,308,EMERGENCY,HIGH
85,3.09,6,309,RURAL,MEDIUM
148,4.44,3,95,EMERGENCY,HIGH
99,2.84,2,58,EMERGENCY,HIGH
125,0.3,7,103,EMERGENCY,HIGH
30,1.93,3,41,NORMAL,LOW
39,2.07,8,94,RURAL,HIGH
43,4.27,6,101,RURAL,MEDIUM
49,3.12,2,274,NORMAL,LOW
97,0.22,6,472,EMERGENCY,HIGH
52,3.52,3,225,RURAL,MEDIUM
26,4.82,4,337,EMERGENCY,HIGH
75,2.94,10,368,RURAL,HIGH
127,3.56,6,409,NORMAL,LOW
25,4.84,3,417,NORMAL,LOW
61,2.73,5,343,RURAL,MEDIUM
71,4.12,9,368,EMERGENCY,HIGH
33,0.02,9,305,EMERGENCY,HIGH
94,1.35,6,72,RURAL,MEDIUM
74,2.77,1,419,EMERGENCY,HIGH
137,4.31,7,414,NORMAL,LOW
132,0.13,2,51,NORMAL,LOW
95,0.89,4,259,EMERGENCY,HIGH
130,2.51,8,122,NORMAL,HIGH
102,1.63,8,487,RURAL,HIGH
37,3.21,5,292,NORMAL,LOW
121,3.72,6,435,NORMAL,LOW
86,3.53,2,56,RURAL,MEDIUM
65,2.13,8,328,RURAL,HIGH
51,2.18,5,352,NORMAL,LOW
62,2.52,5,128,RURAL,MEDIUM
47,0.69,7,397,NORMAL,LOW
34,4.67,8,418,RURAL,HIGH
112,2.16,1,185,RURAL,MEDIUM
141,1.31,3,140,RURAL,MEDIUM
43,0.9,3,194,NORMAL,LOW
109,4.32,1,500,NORMAL,LOW
86,3.5,6,245,EMERGENCY,HIGH
120,3.07,7,354,EMERGENCY,HIGH
55,3.44,10,213,EMERGENCY,HIGH
30,2.0,6,381,NORMAL,LOW
75,3.79,8,195,RURAL,HIGH
36,0.99,5,338,NORMAL,LOW
113,2.27,4,182,RURAL,MEDIUM
35,1.82,3,478,RURAL,MEDIUM
130,2.64,8,373,RURAL,HIGH
144,2.37,6,47,NORMAL,LOW
140,1.5,3,499,EMERGENCY,HIGH
51,1.9,7,89,EMERGENCY,HIGH
77,2.23,3,299,EMERGENCY,HIGH
124,3.47,4,159,RURAL,MEDIUM
88,1.17,5,222,EMERGENCY,HIGH
41,4.99,9,415,NORMAL,HIGH
122,2.45,5,439,RURAL,MEDIUM
72,1.16,7,294,RURAL,MEDIUM
68,3.67,5,468,EMERGENCY,HIGH
141,3.35,10,99,NORMAL,HIGH
94,0.4,7,87,EMERGENCY,HIGH
138,1.97,7,321,EMERGENCY,HIGH
63,4.98,6,252,EMERGENCY,HIGH
79,4.2,2,428,EMERGENCY,HIGH
90,0.92,7,354,EMERGENCY,HIGH
135,0.92,6,232,RURAL,MEDIUM
51,3.63,10,99,EMERGENCY,HIGH
149,0.44,7,223,EMERGENCY,HIGH
121,0.11,8,139,RURAL,HIGH
80,1.57,5,123,RURAL,MEDIUM
30,3.68,5,137,NORMAL,LOW
116,1.21,1,313,RURAL,MEDIUM
69,2.29,7,284,EMERGENCY,HIGH
80,4.07,2,111,NORMAL,LOW
110,2.27,4,271,RURAL,MEDIUM
73,2.48,1,462,NORMAL,LOW
102,2.93,3,294,NORMAL,LOW
134,2.71,4,165,NORMAL,LOW
24,0.38,4,402,RURAL,MEDIUM
125,3.03,5,407,EMERGENCY,HIGH
85,2.92,2,434,EMERGENCY,HIGH
123,1.43,4,216,RURAL,MEDIUM
148,3.81,1,310,NORMAL,LOW
67,3.34,8,19,EMERGENCY,HIGH
135,1.91,9,445,NORMAL,HIGH
20,0.61,6,382,EMERGENCY,HIGH
113,3.35,5,115,EMERGENCY,HIGH
22,0.45,9,237,RURAL,HIGH
100,4.85,3,378,RURAL,MEDIUM
123,1.23,10,101,EMERGENCY,HIGH
130,4.68,4,88,EMERGENCY,HIGH
37,1.42,2,102,NORMAL,LOW
30,1.21,1,444,NORMAL,LOW
37,1.15,3,450,EMERGENCY,HIGH
38,1.96,5,374,RURAL,MEDIUM
94,1.86,1,269,RURAL,MEDIUM
84,2.75,10,152,NORMAL,HIGH
89,0.4,9,172,RURAL,HIGH
37,3.76,6,316,RURAL,MEDIUM
77,0.41,7,33,NORMAL,LOW
34,2.12,6,23,NORMAL,LOW
35,1.48,1,182,NORMAL,LOW
102,4.01,2,113,RURAL,MEDIUM
138,1.27,2,181,EMERGENCY,HIGH
61,2.68,4,424,RURAL,MEDIUM
34,4.71,3,354,RURAL,MEDIUM
70,4.42,10,331,RURAL,HIGH
22,2.85,8,408,EMERGENCY,HIGH
140,0.65,9,128,NORMAL,HIGH
109,4.84,1,270,RURAL,MEDIUM
104,1.57,2,493,NORMAL,LOW
50,2.83,7,123,RURAL,MEDIUM
57,3.55,8,234,NORMAL,HIGH
134,2.42,7,164,EMERGENCY,HIGH
106,4.98,8,74,NORMAL,HIGH
113,3.61,7,321,EMERGENCY,HIGH
122,0.33,9,296,RURAL,HIGH
122,3.64,6,254,RURAL,MEDIUM
50,1.5,7,386,EMERGENCY,HIGH
137,1.24,3,218,RURAL,MEDIUM
24,1.52,8,347,NORMAL,HIGH
108,4.54,5,252,NORMAL,LOW
67,1.04,1,276,RURAL,MEDIUM
134,4.68,9,121,NORMAL,HIGH
112,4.44,5,192,EMERGENCY,HIGH
144,1.31,10,256,NORMAL,HIGH
45,0.35,10,156,NORMAL,HIGH
111,3.94,6,255,RURAL,MEDIUM
146,0.8,5,256,EMERGENCY,HIGH
58,3.43,9,434,NORMAL,HIGH
107,2.76,6,279,EMERGENCY,HIGH
148,3.11,3,466,NORMAL,LOW
98,4.56,8,210,RURAL,HIGH
148,0.58,2,253,NORMAL,LOW
41,4.31,8,402,RURAL,HIGH
21,1.52,9,56,EMERGENCY,HIGH
40,4.68,7,33,NORMAL,LOW
87,1.27,7,318,NORMAL,LOW
28,3.94,9,62,RURAL,HIGH
125,1.96,2,456,RURAL,MEDIUM
138,0.65,9,153,EMERGENCY,HIGH
68,2.66,4,40,NORMAL,LOW
90,4.36,5,375,RURAL,MEDIUM
29,4.14,8,386,RURAL,HIGH
103,4.99,5,137,NORMAL,LOW
73,4.3,2,288,EMERGENCY,HIGH
105,4.41,6,181,NORMAL,LOW
86,1.8,6,102,RURAL,MEDIUM
146,3.58,6,434,NORMAL,LOW
95,4.79,2,370,NORMAL,LOW
119,1.65,8,43,NORMAL,HIGH
56,4.64,5,128,RURAL,MEDIUM
25,3.93,3,10,RURAL,MEDIUM
87,2.21,5,397,NORMAL,LOW
37,1.83,7,242,RURAL,MEDIUM
24,1.73,10,141,NORMAL,HIGH
123,4.68,4,258,NORMAL,LOW
79,1.61,3,201,NORMAL,LOW
92,3.78,7,50,NORMAL,LOW
59,4.61,3,496,EMERGENCY,HIGH
62,0.96,10,171,NORMAL,HIGH
55,2.23,5,158,RURAL,MEDIUM
35,0.03,9,230,NORMAL,HIGH
113,3.34,1,35,NORMAL,LOW
67,4.4,6,453,RURAL,MEDIUM
101,2.98,8,470,NORMAL,HIGH
32,0.1,9,132,EMERGENCY,HIGH
141,4.61,10,161,RURAL,HIGH
145,3.03,1,268,EMERGENCY,HIGH
117,4.74,3,37,RURAL,MEDIUM
110,4.0,2,366,EMERGENCY,HIGH
71,3.73,6,485,RURAL,MEDIUM
114,2.01,3,419,RURAL,MEDIUM
147,3.94,10,241,EMERGENCY,HIGH
114,1.92,8,278,RURAL,HIGH
134,3.24,9,92,RURAL,HIGH
60,1.98,7,178,EMERGENCY,HIGH
82,4.79,3,208,EMERGENCY,HIGH
42,0.91,10,37,EMERGENCY,HIGH
95,4.07,2,174,EMERGENCY,HIGH
29,1.84,7,469,RURAL,MEDIUM
124,1.08,2,442,RURAL,MEDIUM
39,0.5,6,461,RURAL,MEDIUM
132,0.55,2,456,EMERGENCY,HIGH
56,3.51,4,362,RURAL,MEDIUM
105,4.87,5,361,RURAL,MEDIUM
93,2.9,8,429,NORMAL,HIGH
105,0.1,9,425,EMERGENCY,HIGH
130,2.98,4,248,NORMAL,LOW
49,3.5,8,313,RURAL,HIGH
69,2.84,5,117,RURAL,MEDIUM
48,4.88,2,228,NORMAL,LOW
74,4.87,9,242,RURAL,HIGH
140,2.49,5,29,EMERGENCY,HIGH
129,0.96,10,132,NORMAL,HIGH
27,1.79,1,59,RURAL,MEDIUM
37,1.1,7,407,RURAL,MEDIUM
69,3.82,3,328,EMERGENCY,HIGH
128,2.26,7,135,EMERGENCY,HIGH
29,3.23,7,91,EMERGENCY,HIGH
40,2.38,2,448,RURAL,MEDIUM
33,3.12,8,303,EMERGENCY,HIGH
71,3.45,8,78,NORMAL,HIGH
104,3.4,7,84,EMERGENCY,HIGH
112,1.68,8,314,RURAL,HIGH
145,3.45,6,62,RURAL,MEDIUM
68,1.05,10,120,NORMAL,HIGH
115,3.13,1,470,EMERGENCY,HIGH
32,0.09,7,479,EMERGENCY,HIGH
95,4.21,6,486,NORMAL,LOW
136,3.51,1,296,EMERGENCY,HIGH
102,2.16,2,454,NORMAL,LOW
105,4.24,7,293,EMERGENCY,HIGH
98,2.28,6,289,EMERGENCY,HIGH
87,0.03,9,64,NORMAL,HIGH
143,0.55,9,245,EMERGENCY,HIGH
112,0.11,9,18,EMERGENCY,HIGH
147,1.68,5,450,RURAL,MEDIUM
124,2.38,8,94,RURAL,HIGH
126,1.23,3,321,EMERGENCY,HIGH
31,3.21,10,157,RURAL,HIGH
40,1.77,8,474,NORMAL,HIGH
30,4.7,9,424,RURAL,HIGH
38,4.28,10,74,NORMAL,HIGH
45,0.28,4,308,NORMAL,LOW
60,3.61,3,438,RURAL,MEDIUM
50,2.53,3,63,EMERGENCY,HIGH
90,2.21,5,232,NORMAL,LOW
68,2.17,3,171,RURAL,MEDIUM
73,3.33,1,135,RURAL,MEDIUM
42,3.48,9,286,EMERGENCY,HIGH
88,0.8,4,123,EMERGENCY,HIGH
119,3.99,2,146,EMERGENCY,HIGH
134,1.77,10,321,RURAL,HIGH
21,0.24,2,45,RURAL,MEDIUM
100,1.73,7,309,EMERGENCY,HIGH
65,1.65,6,290,NORMAL,LOW
82,3.86,6,174,NORMAL,LOW
150,2.37,3,138,RURAL,MEDIUM
33,4.68,1,439,EMERGENCY,HIGH
126,3.36,9,127,EMERGENCY,HIGH
40,1.59,2,87,EMERGENCY,HIGH
24,2.15,7,85,NORMAL,LOW
43,3.06,3,17,EMERGENCY,HIGH
23,4.16,10,281,RURAL,HIGH
142,2.79,7,343,RURAL,MEDIUM
112,4.68,7,275,NORMAL,LOW
63,2.38,7,355,EMERGENCY,HIGH
44,0.54,7,224,RURAL,MEDIUM
98,3.36,7,250,RURAL,MEDIUM
25,0.27,4,78,EMERGENCY,HIGH
122,3.96,9,85,EMERGENCY,HIGH
139,1.79,3,454,RURAL,MEDIUM
95,3.2,1,290,RURAL,MEDIUM
29,2.27,10,255,RURAL,HIGH
124,2.52,3,500,NORMAL,LOW
105,4.87,2,493,RURAL,MEDIUM
81,2.55,5,153,EMERGENCY,HIGH
95,1.42,8,261,EMERGENCY,HIGH
144,1.55,1,401,NORMAL,LOW
44,4.01,2,91,NORMAL,LOW
148,1.15,1,63,NORMAL,LOW
53,2.31,1,488,NORMAL,LOW
70,4.62,4,429,EMERGENCY,HIGH
137,4.74,3,393,EMERGENCY,HIGH
49,2.05,6,15,EMERGENCY,HIGH
69,2.57,4,308,NORMAL,LOW
77,4.04,3,493,EMERGENCY,HIGH
25,0.91,2,356,EMERGENCY,HIGH
73,4.39,5,280,EMERGENCY,HIGH
91,2.52,6,121,RURAL,MEDIUM
39,1.75,10,130,NORMAL,HIGH
133,4.21,7,399,RURAL,MEDIUM
68,0.33,4,230,NORMAL,LOW
50,2.79,6,110,EMERGENCY,HIGH
107,2.53,9,483,RURAL,HIGH
124,0.24,10,161,RURAL,HIGH
68,0.06,10,184,RURAL,HIGH
106,3.73,1,178,EMERGENCY,HIGH
117,0.92,9,307,EMERGENCY,HIGH
62,3.13,10,420,EMERGENCY,HIGH
111,4.39,7,290,EMERGENCY,HIGH
124,0.44,1,55,NORMAL,LOW
148,4.15,2,292,NORMAL,LOW
49,1.62,9,271,RURAL,HIGH
65,2.02,3,85,NORMAL,LOW
119,2.26,8,77,RURAL,HIGH
90,3.36,3,206,EMERGENCY,HIGH
83,3.53,5,135,NORMAL,LOW
114,2.62,2,290,NORMAL,LOW
96,1.16,7,279,RURAL,MEDIUM
40,1.35,8,174,RURAL,HIGH
135,2.13,3,320,RURAL,MEDIUM
119,1.89,4,446,NORMAL,LOW
88,1.99,3,152,EMERGENCY,HIGH
39,3.98,6,446,NORMAL,LOW
93,4.87,9,394,RURAL,HIGH
73,4.62,10,464,EMERGENCY,HIGH
104,2.95,2,131,NORMAL,LOW
70,2.34,4,130,EMERGENCY,HIGH
74,2.43,9,222,EMERGENCY,HIGH
84,2.82,4,249,NORMAL,LOW
142,4.22,2,74,RURAL,MEDIUM
145,4.77,1,25,NORMAL,LOW
145,4.47,4,214,EMERGENCY,HIGH
114,0.88,2,418,NORMAL,LOW
24,0.39,1,377,NORMAL,LOW
122,1.33,3,295,NORMAL,LOW
114,3.47,1,265,NORMAL,LOW
45,4.31,4,56,EMERGENCY,HIGH
148,3.95,9,487,RURAL,HIGH
23,4.57,5,165,RURAL,MEDIUM
91,1.73,10,410,EMERGENCY,HIGH
87,4.16,5,63,NORMAL,LOW
84,2.84,9,105,NORMAL,HIGH
71,4.42,10,120,NORMAL,HIGH
65,0.93,6,215,NORMAL,LOW
144,3.87,6,460,NORMAL,LOW
84,2.41,6,176,NORMAL,LOW
79,2.66,9,40,RURAL,HIGH
100,4.28,2,323,RURAL,MEDIUM
122,0.21,3,269,EMERGENCY,HIGH
103,4.53,1,13,RURAL,MEDIUM
149,3.97,10,294,EMERGENCY,HIGH
119,0.25,5,16,EMERGENCY,HIGH
27,2.06,3,358,NORMAL,LOW
93,4.38,2,375,NORMAL,LOW
89,2.85,6,373,EMERGENCY,HIGH
121,1.51,6,39,EMERGENCY,HIGH
66,1.77,5,355,NORMAL,LOW
150,0.39,6,275,EMERGENCY,HIGH
117,0.7,5,281,EMERGENCY,HIGH
45,3.05,2,293,NORMAL,LOW
71,4.36,9,10,NORMAL,HIGH
26,2.32,6,86,NORMAL,LOW
71,2.34,3,254,NORMAL,LOW
114,2.68,6,203,RURAL,MEDIUM
111,1.28,4,190,EMERGENCY,HIGH
57,1.68,8,439,EMERGENCY,HIGH
48,3.35,1,156,RURAL,MEDIUM
118,3.41,7,37,NORMAL,LOW
122,2.93,4,160,EMERGENCY,HIGH
96,0.65,8,291,EMERGENCY,HIGH
111,1.63,1,351,RURAL,MEDIUM
38,2.5,6,177,EMERGENCY,HIGH
113,0.3,1,469,RURAL,MEDIUM
117,3.33,2,150,NORMAL,LOW
53,4.05,6,61,NORMAL,LOW
119,4.72,5,385,EMERGENCY,HIGH
58,4.18,7,408,RURAL,MEDIUM
28,4.58,10,213,NORMAL,HIGH
43,1.97,2,23,RURAL,MEDIUM
136,3.58,3,480,NORMAL,LOW
109,2.18,1,236,RURAL,MEDIUM
28,1.24,10,242,RURAL,HIGH
108,0.83,9,244,RURAL,HIGH
112,2.6,1,295,EMERGENCY,HIGH
87,3.27,1,465,NORMAL,LOW
109,4.78,9,411,NORMAL,HIGH
32,1.96,1,31,RURAL,MEDIUM
50,4.46,10,420,NORMAL,HIGH
74,3.26,1,230,EMERGENCY,HIGH
146,2.61,8,57,RURAL,HIGH
150,4.8,3,65,RURAL,MEDIUM
40,0.94,10,236,NORMAL,HIGH
133,4.31,9,426,NORMAL,HIGH
41,4.49,2,484,EMERGENCY,HIGH
137,4.23,5,473,EMERGENCY,HIGH
67,0.25,1,117,NORMAL,LOW
83,4.88,7,458,RURAL,MEDIUM
119,4.78,4,106,NORMAL,LOW
131,4.79,7,475,EMERGENCY,HIGH
29,1.7,2,81,NORMAL,LOW
68,3.12,8,244,NORMAL,HIGH
59,4.86,3,332,EMERGENCY,HIGH
110,0.28,3,227,EMERGENCY,HIGH
54,1.41,1,66,RURAL,MEDIUM
95,3.55,10,240,NORMAL,HIGH
103,1.58,8,197,NORMAL,HIGH
40,0.74,5,382,EMERGENCY,HIGH
40,1.3,7,342,EMERGENCY,HIGH
54,1.34,5,428,NORMAL,LOW
85,1.83,8,431,RURAL,HIGH
24,4.84,3,307,EMERGENCY,HIGH
150,0.54,10,404,RURAL,HIGH
121,3.99,2,116,NORMAL,LOW
84,0.63,2,359,NORMAL,LOW
127,4.47,7,481,NORMAL,LOW
84,1.02,4,248,RURAL,MEDIUM
134,4.49,5,186,RURAL,MEDIUM
81,3.53,2,170,NORMAL,LOW
125,4.3,10,211,RURAL,HIGH
81,0.82,8,249,RURAL,HIGH
114,1.96,10,66,RURAL,HIGH
82,4.93,9,435,EMERGENCY,HIGH
78,0.47,4,16,RURAL,MEDIUM
74,1.2,10,369,EMERGENCY,HIGH
123,1.53,9,312,EMERGENCY,HIGH
92,4.44,1,258,RURAL,MEDIUM
143,4.2,3,432,NORMAL,LOW
109,1.61,2,43,NORMAL,LOW
39,4.02,1,262,NORMAL,LOW
111,2.13,8,482,RURAL,HIGH
144,3.5,10,62,RURAL,HIGH
34,0.82,9,207,RURAL,HIGH
54,2.72,1,204,NORMAL,LOW
83,1.4,2,220,NORMAL,LOW
73,0.71,7,130,EMERGENCY,HIGH
27,1.87,5,116,NORMAL,LOW
82,1.31,5,107,RURAL,MEDIUM
29,3.85,7,404,RURAL,MEDIUM
150,1.64,2,144,NORMAL,LOW
50,3.4,6,434,RURAL,MEDIUM
50,1.75,1,375,RURAL,MEDIUM
99,2.66,1,399,EMERGENCY,HIGH
149,4.05,4,148,EMERGENCY,HIGH
112,2.32,10,218,RURAL,HIGH
139,4.69,9,108,NORMAL,HIGH
90,3.69,3,444,NORMAL,LOW
80,0.46,4,405,NORMAL,LOW
70,2.0,3,83,RURAL,MEDIUM
147,4.03,7,330,NORMAL,LOW
140,4.95,4,266,RURAL,MEDIUM
128,2.85,9,471,EMERGENCY,HIGH
80,0.97,9,385,NORMAL,HIGH
20,3.25,8,476,RURAL,HIGH
119,1.34,4,272,EMERGENCY,HIGH
102,3.11,8,185,EMERGENCY,HIGH
28,1.44,1,328,EMERGENCY,HIGH
45,0.95,7,408,NORMAL,LOW
141,3.99,3,136,RURAL,MEDIUM
72,2.08,5,322,EMERGENCY,HIGH
97,2.23,10,234,NORMAL,HIGH
143,1.47,4,249,RURAL,MEDIUM
49,3.07,4,477,EMERGENCY,HIGH
137,3.72,7,234,NORMAL,LOW
70,2.41,3,472,RURAL,MEDIUM
32,4.43,1,67,NORMAL,LOW
106,4.66,8,338,RURAL,HIGH
147,4.97,5,21,RURAL,MEDIUM
46,1.82,8,356,NORMAL,HIGH
113,0.44,1,301,RURAL,MEDIUM
38,1.79,3,394,NORMAL,LOW
50,2.69,3,298,NORMAL,LOW
117,3.66,7,24,EMERGENCY,HIGH
35,0.13,5,405,NORMAL,LOW
87,0.58,10,202,RURAL,HIGH
65,2.13,5,500,EMERGENCY,HIGH
136,4.54,8,246,RURAL,HIGH
144,4.92,7,68,EMERGENCY,HIGH
21,1.35,7,364,EMERGENCY,HIGH
25,1.68,2,415,NORMAL,LOW
108,1.88,6,158,EMERGENCY,HIGH
90,2.76,8,356,EMERGENCY,HIGH
147,1.77,9,60,NORMAL,HIGH
85,4.19,1,427,RURAL,MEDIUM
39,3.62,2,128,EMERGENCY,HIGH
139,3.79,9,498,NORMAL,HIGH
87,1.49,5,299,NORMAL,LOW
79,3.84,6,66,EMERGENCY,HIGH
146,4.89,3,452,EMERGENCY,HIGH
121,4.35,5,34,EMERGENCY,HIGH
138,0.67,2,120,NORMAL,LOW
94,0.78,7,293,EMERGENCY,HIGH
126,0.84,2,195,NORMAL,LOW
99,3.7,3,485,EMERGENCY,HIGH
38,2.05,3,333,RURAL,MEDIUM
143,4.22,1,135,RURAL,MEDIUM
70,1.86,1,375,EMERGENCY,HIGH
75,0.01,3,95,RURAL,MEDIUM
59,1.59,10,223,EMERGENCY,HIGH
139,2.36,8,157,RURAL,HIGH
80,1.26,5,431,RURAL,MEDIUM
84,2.73,10,67,EMERGENCY,HIGH
93,2.16,4,325,EMERGENCY,HIGH
73,2.94,10,371,RURAL,HIGH
67,3.87,1,409,NORMAL,LOW
30,2.01,8,380,RURAL,HIGH
23,0.25,4,413,EMERGENCY,HIGH
141,4.39,9,370,EMERGENCY,HIGH
77,3.14,8,14,NORMAL,HIGH
42,3.78,10,485,EMERGENCY,HIGH
98,4.91,10,115,NORMAL,HIGH
44,1.51,9,217,EMERGENCY,HIGH
130,3.69,10,415,EMERGENCY,HIGH
25,0.57,2,157,NORMAL,LOW
51,4.6,10,305,NORMAL,HIGH
142,0.74,1,198,RURAL,MEDIUM
86,2.95,8,281,NORMAL,HIGH
101,2.3,10,446,RURAL,HIGH
32,2.03,9,60,NORMAL,HIGH
69,4.95,10,237,RURAL,HIGH
77,3.13,9,215,EMERGENCY,HIGH
103,3.99,7,227,NORMAL,LOW
112,0.83,2,476,NORMAL,LOW
100,2.41,2,47,RURAL,MEDIUM
25,4.31,9,265,RURAL,HIGH
119,1.98,6,145,RURAL,MEDIUM
34,4.6,3,470,RURAL,MEDIUM
126,0.39,5,412,NORMAL,LOW
23,2.85,10,457,RURAL,HIGH
109,4.64,3,24,RURAL,MEDIUM
123,3.54,6,258,RURAL,MEDIUM
21,2.55,2,375,NORMAL,LOW
80,0.89,8,171,RURAL,HIGH
144,3.52,10,378,RURAL,HIGH
72,2.95,3,84,RURAL,MEDIUM
45,0.77,10,284,RURAL,HIGH
115,4.25,10,54,RURAL,HIGH
40,2.22,9,349,NORMAL,HIGH
28,0.37,7,325,RURAL,MEDIUM
45,2.09,8,110,EMERGENCY,HIGH
60,1.71,9,467,RURAL,HIGH
75,3.54,2,260,EMERGENCY,HIGH
111,0.42,6,499,NORMAL,LOW
117,3.35,2,278,NORMAL,LOW
100,3.97,9,33,EMERGENCY,HIGH
56,3.09,10,213,NORMAL,HIGH
102,3.85,9,10,NORMAL,HIGH
72,3.88,1,459,EMERGENCY,HIGH
45,3.59,10,146,EMERGENCY,HIGH
22,2.92,4,185,EMERGENCY,HIGH
92,0.26,1,123,NORMAL,LOW
47,0.73,2,339,RURAL,MEDIUM
42,1.56,1,451,RURAL,MEDIUM
52,0.71,4,106,RURAL,MEDIUM
34,2.83,10,487,EMERGENCY,HIGH
32,0.04,6,399,RURAL,MEDIUM
141,1.16,10,282,EMERGENCY,HIGH
83,0.56,4,228,EMERGENCY,HIGH
129,3.23,2,394,RURAL,MEDIUM
118,2.76,1,87,EMERGENCY,HIGH
82,1.53,10,246,NORMAL,HIGH
96,4.76,5,438,NORMAL,LOW
53,2.74,5,441,EMERGENCY,HIGH
115,2.16,9,485,RURAL,HIGH
20,0.42,1,346,NORMAL,LOW
51,4.65,6,83,NORMAL,LOW
48,3.02,6,328,EMERGENCY,HIGH
50,0.99,6,425,RURAL,MEDIUM
82,2.34,4,275,RURAL,MEDIUM
117,4.57,5,166,RURAL,MEDIUM
120,1.56,7,380,EMERGENCY,HIGH
83,2.61,1,438,NORMAL,LOW
71,0.02,9,349,NORMAL,HIGH
92,0.06,7,68,RURAL,MEDIUM
120,3.13,9,300,RURAL,HIGH
38,2.36,6,146,EMERGENCY,HIGH
42,1.43,5,254,RURAL,MEDIUM
62,4.85,6,72,NORMAL,LOW
120,1.78,7,129,EMERGENCY,HIGH
92,1.84,7,17,EMERGENCY,HIGH
30,3.12,6,64,EMERGENCY,HIGH
133,0.04,3,268,RURAL,MEDIUM
33,1.52,9,79,RURAL,HIGH
76,0.5,8,406,EMERGENCY,HIGH
57,1.5,9,318,EMERGENCY,HIGH
23,4.44,7,492,EMERGENCY,HIGH
41,4.83,9,481,NORMAL,HIGH
64,2.34,4,172,NORMAL,LOW
27,0.7,9,441,EMERGENCY,HIGH
65,4.16,9,360,EMERGENCY,HIGH
130,4.61,10,24,RURAL,HIGH
71,1.78,7,104,EMERGENCY,HIGH
87,1.57,5,183,EMERGENCY,HIGH
145,4.34,4,43,RURAL,MEDIUM
122,4.1,6,425,EMERGENCY,HIGH
116,0.17,5,143,RURAL,MEDIUM
81,3.96,7,11,RURAL,MEDIUM
38,1.85,9,354,RURAL,HIGH
121,2.88,5,94,NORMAL,LOW
50,0.85,2,350,EMERGENCY,HIGH
44,1.8,2,401,NORMAL,LOW
35,1.6,4,335,EMERGENCY,HIGH
91,1.14,10,458,NORMAL,HIGH
27,2.87,3,147,NORMAL,LOW
109,0.43,4,385,RURAL,MEDIUM
118,1.06,3,311,NORMAL,LOW
113,3.59,6,350,NORMAL,LOW
22,4.1,9,282,RURAL,HIGH
131,3.54,3,409,RURAL,MEDIUM
149,3.58,10,400,NORMAL,HIGH
73,1.7,6,472,EMERGENCY,HIGH
57,2.85,2,208,NORMAL,LOW
102,2.0,3,190,RURAL,MEDIUM
110,2.42,3,479,EMERGENCY,HIGH
20,3.81,6,88,EMERGENCY,HIGH
88,0.63,9,189,RURAL,HIGH
110,3.26,10,90,RURAL,HIGH
38,3.24,8,185,NORMAL,HIGH
48,3.88,2,36,EMERGENCY,HIGH
41,2.51,10,75,NORMAL,HIGH
140,2.28,8,472,RURAL,HIGH
63,3.37,1,206,RURAL,MEDIUM
104,4.73,10,210,EMERGENCY,HIGH
79,4.0,9,114,RURAL,HIGH
144,4.51,8,355,NORMAL,HIGH
51,0.35,1,232,RURAL,MEDIUM
116,4.32,5,69,RURAL,MEDIUM
59,4.42,1,174,EMERGENCY,HIGH
86,0.74,2,132,RURAL,MEDIUM
135,4.41,6,451,RURAL,MEDIUM
88,1.68,2,449,RURAL,MEDIUM
72,2.71,10,282,RURAL,HIGH
139,0.96,4,441,NORMAL,LOW
51,1.97,3,257,EMERGENCY,HIGH
49,0.29,3,485,NORMAL,LOW
117,3.64,6,493,RURAL,MEDIUM
78,2.49,7,459,NORMAL,LOW
24,0.42,10,319,EMERGENCY,HIGH
60,4.5,8,120,RURAL,HIGH
96,2.34,5,403,EMERGENCY,HIGH
106,4.61,8,54,RURAL,HIGH
36,1.12,3,313,RURAL,MEDIUM
39,2.35,2,102,EMERGENCY,HIGH
137,4.41,10,157,RURAL,HIGH
48,3.32,3,244,EMERGENCY,HIGH
98,3.46,5,376,RURAL,MEDIUM
99,0.16,8,220,EMERGENCY,HIGH
23,0.96,7,203,EMERGENCY,HIGH
108,3.35,7,97,RURAL,MEDIUM
27,2.81,3,177,NORMAL,LOW
119,3.34,7,386,RURAL,MEDIUM
62,4.23,3,90,EMERGENCY,HIGH
61,1.52,1,408,EMERGENCY,HIGH
107,3.67,1,455,EMERGENCY,HIGH
102,1.37,6,265,NORMAL,LOW
136,0.82,2,78,EMERGENCY,HIGH
49,3.13,3,490,EMERGENCY,HIGH
57,1.09,1,422,NORMAL,LOW
121,4.78,2,397,NORMAL,LOW
148,3.83,5,11,NORMAL,LOW
51,3.22,4,350,EMERGENCY,HIGH
127,0.8,10,104,EMERGENCY,HIGH
25,3.07,5,500,EMERGENCY,HIGH
140,3.2,5,174,RURAL,MEDIUM
24,1.84,8,429,EMERGENCY,HIGH
120,1.48,10,81,EMERGENCY,HIGH
47,2.04,10,402,NORMAL,HIGH
39,1.84,7,247,RURAL,MEDIUM
129,1.36,4,236,NORMAL,LOW
45,2.14,4,215,NORMAL,LOW
96,3.94,5,216,EMERGENCY,HIGH
57,1.09,4,455,EMERGENCY,HIGH
127,2.65,5,366,EMERGENCY,HIGH
